group,s1 id,s1 name,s1 address,country,nn id,nn source,nn name,nn address,cosine,name tsr,addr tsr,nn is true match,nn owned by another S1
singleton,S1-127615751,Spantech Hospital,"8643, 2Nd Floor, Firoz Gali, Goushala Marg, Karol Bagh, Central Delhi, New Delhi, Delhi, India, New Delhi, Central Delhi, Delhi",India,S2-674307769,S2,Span Hospital Private Ltd,"ROOM NO.2021-2022, 2ND FLOOR, SAHARA HOMES HIG34, SHIVAJI NAGAR, BHOPAL, Madhya Pradesh",0.8514,64.0,44.9,,True
singleton,S1-755451548,"Tallie B. Mcbride, L.C.S.W.","7850 Garden Home Road, Tigard, OR",US,S3-398696526,S3,"Tallie B. Mcbríde, L.C.S.W. Group","7854 Garden Home Road, Porttland, Oregon",0.9452,85.2,78.3,,False
singleton,S1-975240127,Adriane's Iron Works,"687 New Light Road, TN, Winfield",US,S2-199639755,S2,Adriane's Iron Works Partners,"TN, 69 NEW LIGHT RD, WINFIELD",0.9004,100.0,91.2,,False
singleton,S1-943841475,Ss Solutions Private Limited,"S. No. 14, Fl No. 3&4, Sanjay Residency Behind Hotel Green Park, Baner, Pune, Maharashtra",India,S2-370523444,S2,SS SOLUTIONS PRIVATE  LTD,"104, SURESH APARTMENT CHS LTD, KALINA KOLIVARY ROAD SANTACRUZ(E), NEAR MARATHI MUNICIPAL SCH, MUMBAI, Maharashtra",1.0,92.3,46.5,,True
singleton,S1-754534626,Orion Hydro LLC,"1813 Old Eastern Avenue, Unit ROOM 198, Essex, MD",US,S3-800979358,S3,Orion Hydro Valley LLC,"# ROOM 198, Essex, Maryland, 1818 Old Eastern Avenue",0.8493,100.0,86.0,,False
singleton,S1-923235487,F 5 H Spring,"8403 Thompson Road, Fairfax County, VA",US,S2-516187403,S2,F 5 H Spring Partners,"8405 THOMPSON ROAD, FAIRFAX COUNTY, VA",0.8571,100.0,97.2,,False
singleton,S1-552596865,1 800 I Care 4 U Co,"3513 Jonathan Noble Way, Columbus, OH",US,S2-597372333,S2,1 800 I Care 4 U Co,"7694 PARK PRESERVE WAY, FREEPORT, IL",1.0,100.0,31.9,,True
singleton,S1-473743756,Enns Learning Center,"2005 Eagles Ridge Drive, Weatherford, TX",US,S3-277365173,S3,Enns Learning Center South,"2008 Eagls Ridge Dr, Weatherford, Texas",0.8839,100.0,88.0,,False
singleton,S1-48210837,Keystone Technical Innovations LLC,"2064 Farnsworth Drive, Unit 1, Mesa, AZ",US,S2-533464184,S2,KEYSTONE TECHNICAL INNOVATIONS,"#29 COGANS GROVE, TRINITY, TX",1.0,100.0,41.9,,True
singleton,S1-762406703,Royal Hospitality Private Limited,"Delhi, 203, D-5, Avadh Complex, Laxmi Nagar, Delhi, East Delhi, Delhi",India,S2-978896891,S2,Royal Hospitality Private,"A-10 134 SHASTRI NAGAR RAJAWADI VIDHYAVIHAR EAST NR ONGC CLY, MUMBAI, Maharashtra",1.0,100.0,45.5,,False
singleton,S1-278482366,Opp. Gurukul Nr. Punjab Honda Drive-In Road Tex,"Gujarat, 216, Ahmedabad, 4Th Floor Moonlight Complex, Opp. Gurukul Nr. Punjab Honda Drive-In Road",India,S3-93230241,S3,opp. gurukul nr. punjab honda drive-in road allied,"G-223, GJ, Opp. Gurukul Nr. Punjab Honda Drive-in Road",0.9274,95.3,90.1,,False
singleton,S1-995667160,Brace Components Pvt Ltd,"West Bengal, Howrah, Hrishi Bankim Chandra Street, Post-Barasat, Kolkata, 101, Kolkata",India,S3-375230020,S3,Public Brace Components Limited,"Door No 552 122, Hrishi Bankim Chandra Street, Post-barasat, Kolkata, Kolkata, Howrah, WB",0.8496,80.0,87.5,,False
singleton,S1-991069892,Bps Productsprivate Private Limited,"No.22, Iii Main, Hosahally, Vijayanagar, Bangalore, Karnataka",India,S2-326361869,S2,Private Bps Productsprivate Ventures Limited,"H.NO 26, III MAIN, HOSAHALLY, VIJAYANAGAR, BANGALORE, ಕರ್ನಾಟಕ",0.9086,100.0,86.9,,False
singleton,S1-853473475,All Star Impex Private Limited,"9/23-24, Kalkaji Extension Nehru Enclave East, New Delhi, Delhi",India,S2-458162319,S2,Star  Impex,"Uttar Pradesh, 045-A, GDA MARKET, NYAY KHAND-1 INDIRAPURAM, GHAZIABAD",0.8942,100.0,33.6,,True
singleton,S1-175168797,Smalley and Barr Inc,"1742 Chaladay Lane, Hempstead, NY",US,S3-960404603,S3,Smalley and Barr Corp,"1755. Chaladay Lane, East Meadow, New York",1.0,88.9,74.3,,False
singleton,S1-555965699,Wildlife Charities Inc,"2620 Waugstroe Drive, Chena Ridge, AK",US,S2-983865080,S2,Wildlife Chárities,"217 HARRY S TRUMAN DR, UPPER MARLBORO, MD",1.0,85.0,37.8,,True
singleton,S1-875255954,Carey Empire,"46639 Oakhurst Court, Loudoun County, VA",US,S2-727430525,S2,carey empire,"49 HARRIS LN, SMYTH COUNTY, VA",1.0,100.0,60.6,,True
singleton,S1-99844956,Poddar Infotech LLP,"1089, 10/1744, 1St Floor, Sowbhagya Building, Athani, Ernakulam, Kerala",India,S2-701097128,S2,Poddar Infotech Private Limited,"1091, 10/1744, 1ST FLOOR, SOWBHAGYA BUILDING, ATHANI, ERNAKULAM, Kerala",1.0,88.2,98.5,,False
singleton,S1-2374266,Northern Utility,"8695 Everglade Drive, Sacramento, CA",US,S2-510147648,S2,Northern Utility,"17250 STATE HIGHWAY Z, VEERONA, MO",1.0,100.0,33.3,,True
singleton,S1-430758921,Arrah Tieup Pvt. Ltd.,"C/O Ravindra Kumar Pathak, Panch-Narbirpur, Vill-Chandi, Tolachandi Dist-Bhojpur, Block Koilwar, Arr, Arrah, Bhojpur, Bihar",India,S3-514517783,S3,Arrah Tieup Ventures Pvt. Ltd.,"Door No 58 C/o Ravindra Kumar Pathak, Panch-narbirpur, Vill-chandi, Tolachandi Dist-bhojpur, Block Koilwar, Arr, Arrah, Bhojpur, बिहार",0.8745,100.0,97.1,,False
singleton,S1-960415525,Bharat Infra Private Limited,"5. 8. 40/1/S1/Nr, Bhanu Enclave, Generals Road Yapral, Secunderabad, Hyderabad, Telangana",India,S2-586157869,S2,LLP Bharat Infra,"NO. 459- B-3 B78-C JANAK PURI, NEW DELHI, WEST DELHI, दिल्ली",1.0,85.7,37.5,,False
singleton,S1-299503294,Navjyot Gems Private Limited,"Flat No.144, A - Wing, 14Th Floor, Kalptaru Habitat Chs, Dr.S.S.Rao Road, P, Arel, Mumbai, Maharashtra",India,S3-57430457,S3,Navjyot Gems Industries Private Ltd,"Dsor No 147, A - Wing, 14Th Floor, Kalptaru Habitat Chs, Dr.s.s.rao Road, P, Arel, Mumbai, MH",0.8839,83.3,92.0,,False
singleton,S1-872987573,XD Solutions,"Plot No. 860, Steel Market, Next To Maruti Chambers, Kalamboli, Navi Mumbai, Maharashtra",India,S2-541352265,S2,XD Solutions Private Ltd,"A-43, SHAKTI NAGAR, DELHI, Delhi",1.0,100.0,28.6,,True
singleton,S1-762012382,Nashville Education Pinnacle Society,"15180 Old Hickory Boulevard, Unit 618, Nashville, TN",US,S3-255140096,S3,nashville education pinnacle society corp,"15201b Old Hickory Blvd, Unit 618, Nashville, Tennessee",1.0,100.0,83.2,,False
singleton,S1-69048071,Anderson Management Inc,"96 Cornett Branch Road, Four Seasons, MO",US,S2-471141206,S2,Anderson Management LLC,"231 SUMMIT SQUARE BOULEVARD, WINSTON-SALEM, NC",1.0,91.3,39.0,,False
singleton,S1-153384940,Energy Lingraj Kripa,"803, One49 Ambali, Brts Rd B/S Abhishri Corporate, Bopal, Ahmedabad, Gujarat",India,S3-806356431,S3,Lingraj-Energy,"Hn 147/7 Sarswati Lane, West Lohanipur, Kadamkuan, Patna, Patna, BR",0.7771,100.0,42.5,,True
singleton,S1-123894636,Surat Developers Private Limited,"2Nd Floor, Surat Textile Market, Nr. Millennium Textile Market, Ring Road, Surat, Gujarat, Surat, Shop No. H/3043",India,S2-853420665,S2,Surat Developers,"94, SAI BANGLOWS, KAPODRA BRIDGE UTRAN MOTA VARACHHA, SURAT, Gujarat",1.0,100.0,46.8,,True
singleton,S1-231041327,Unified Printing International LLC,"102 Pottawattomi Drive, Elkhart, IN",US,S3-926755175,S3,Unified International  Printing LLC,"118 1/2 6th Avenue, Ssaint PAUL, Minnesota",1.0,100.0,38.4,,True
singleton,S1-152377493,Rsn Medical Centre,"A-77, Gail Apartment, Block B-9/1, Sector-62, Noida, Gautam Buddha Nagar, Uttar Pradesh",India,S3-7035187,S3,rsn medical centre ltd,"ગુજરાત, Vadodara, J-210 Siddharth Elegance, Vadodara",1.0,100.0,33.1,,True
singleton,S1-278479024,Star Telecom Consultants Inc,"2201 Raven Road, Unit 108, Raleigh, NC",US,S3-666504312,S3,Star Telecom Consultants  Corp,"2210 Raven Rd, Unit 108, Raleigh, North Carolina",1.0,92.3,80.0,,False
singleton,S1-956697533,Interfaith Federation LLC,"30 Strathmore Road, Natick, MA",US,S2-868407390,S2,Interfaith Federation Co,"BRTLETT, IL, 633 BILTMORE DRIVE",1.0,93.9,31.6,,True
singleton,S1-588504633,Blue Agro Pvt Ltd,"17/18, S1, Jayaram Nagar, 3Rd Main Road, Tiruvallur, Tamil Nadu, Ambattur",India,S2-877299561,S2,Blue Agro Private Limited,"KP-1/280, KARMEL BHAVAN, CHITTATUMUKKU P.O, KAZHAKUTTOM, Kerala",1.0,81.0,36.5,,True
singleton,S1-483150586,Deen Cascade Acadia,"1110 Clay Street, Cedar Falls, IA",US,S2-401635573,S2,Cascade Acadia Patriot,,0.7249,84.8,0.0,,True
singleton,S1-113789892,Oneill Safe Black LLC,"9797 Bruton Road, Dallas, TX",US,S2-864144889,S2,Oneill Black Corp Partners,"9804 BRUTON RD, DALLAS, TX",0.7589,72.7,84.0,,False
singleton,S1-983627502,Powers Crane LLC,"53 Red Spruce Drive, Bridgeport, WV",US,S2-247589925,S2,Powers Crane Co,"62 RED SPRUCE DRIVE, BRIDGEPORT, WV",1.0,90.3,95.2,,False
singleton,S1-672449053,Barnes Superior Lane,"7714 Bainbridge Drive, Clay, NY",US,S2-372512794,S2,BARNES SUPERIOR LANE LLC,"NY, 7721 BAINBRIDGE DR, LIVERPOOL",1.0,100.0,76.7,,False
singleton,S1-915026476,ZG Hub Limited,"Kadapa, Andhra Pradesh, Near Chinna Chowk Panchayati Office Jayanagar Colony, H.No.7-129-2C",India,S3-435142957,S3,ZG Hub  Ltd,"MH, 23 Shantasita Niwas2nd Floor Near Highway Pushpa Park Malad East, Bombay, Mumbai",1.0,83.3,40.2,,True
singleton,S1-349794037,Patriot Network Inc,"1415 Faris Avenue, Fl 0, Saint Louis, MO",US,S2-717873903,S2,Network Patriot Ltd,"520 HEATHERTON LN, PO BOX 3981, RURAL HALL, NC",1.0,88.2,35.0,,False
singleton,S1-968068497,Hr Sight Private Limited,"Mekeri Village, Madikeri, Kodagu, Karnataka",India,S3-644081430,S3,Limited Hr Sight Group Service,"Door No 91 Mekeri Village, Kodagu, Madikeri, KA",0.7544,80.0,85.7,,False
singleton,S1-370330740,Anderson Wisconsin LLC,"4100 Maricopa Dr, Unit 204, Ames, IA",US,S2-223397774,S2,ANDERSON  WISCONSIN LLC,"9287-D MIDDLEFORD RD, SEAFORD, DE",1.0,100.0,34.4,,True
singleton,S1-414445628,Great Choice Triton LLC,"855 Noes Chapel Road, Morristown, TN",US,S2-770525935,S2,Great Triton Choice LLC,"5090 NOON ROAD, BELLINGHAM CDP, WA",1.0,100.0,45.5,,True
singleton,S1-214931358,Vpr Law Chambers Private Limited,"G1 Ground Floor Phase, I Carnival Kakkanand, Kanayannur, Ernakulam, Kerala",India,S2-1594406,S2,VPR LAW CHAMBERS HOLDINGS PRIVATE,"G4 GROUND FLOOR PHASE, I CARNIVAL KAKKANAND, KANAYANNUR, കേരളം",0.8937,85.7,92.6,,False
singleton,S1-384226164,Ambala & Brothers Group,"Bangalore, Karnataka, Q 31 Diamond District Old Airport Road Opp Carlton Towers Domlur Indira Nagar",India,S3-587460606,S3,Ambala & Bróthers LLP,"Plot No-355, Brahmapur Sadar, Ganjam, Orissa",0.9042,80.0,34.8,,True
singleton,S1-632308611,Ashlie Gilliam Rocket LLC,"30 Don Tomas, Corrales, NM",US,S3-83328380,S3,Ashlie Gilliam Rocket Ltd.,"39. Don Tomas, Corrales, New Mexico",1.0,92.0,85.7,,False
singleton,S1-333127006,Millennium Institute of Technology Private Limited,"A-189 To 190, Vidhata Ind. Estate-3 Nr Chhatrala Farm, Haripura, Kadodara, Ta, L-Palsana, B-185 To188, Gujarat, Surat",India,S3-509529806,S3,Millennium Institute of Technoology Limited,"B-185 To197, A-189 To 190, Vidhata Ind. Estate-3 Nr Chhatrala Farm, Haripura, Kadodara, Ta, L-palsana, GJ",0.9338,90.3,95.1,,False
singleton,S1-261321653,Herrera Keystone Harvard Clinic,"2818 Hoff Avenue, Cincinnati, OH",US,S2-894483472,S2,Herrera Keystone Harvard-Cinic Co,"2829 HOFF AVENUE, CINCINNATI, OH",0.9154,93.8,93.3,,False
singleton,S1-160772944,Preferred Family Practice,"2697 Byron Street, VA, Henrico County",US,S3-766362711,S3,Preferred Family Practice Llc,"08928 Cascade Avenue, Unit Apt 2108, West Des Moines, Iowa",1.0,100.0,31.1,,False
singleton,S1-194176469,Satadal Trust,"676/26/27 Dhanlaxmi Marketcross Lane Revdi Bazar, Ahmedabad, Gujarat",India,S2-985964471,S2,Satadal Trust Industries,"C-676/26/28 DHANLAXMI MARKETCROSS LANE REVDI BAZAR, AHMEDABAD, Gujarat",0.8421,100.0,97.7,,False
singleton,S1-310356478,Hari Estate Limited,"C/O Ananjay Bhushan, Vivekanand Complex Vidyapati Marg, Patna, Bihar",India,S2-97008403,S2,Hari Limited Private Estate,"#31  KANTA MARWAH MARG, OPP., POLICE GROUND, POLICE LINE, AJMER, राजस्थान",1.0,100.0,39.0,,False
singleton,S1-591641797,Sanjay Purchase Limited,"Noida, Gautam Buddha Nagar, Uttar Pradesh, A 25 Sector 34",India,S2-216457114,S2,SANJAY PURCHASE GROUP (LTD),"A 25 SECTOR 55, NOIDA, उत्तर प्रदेश",0.9258,79.2,68.0,,False
singleton,S1-523792796,Lotus Builders Private Limited,"19/B-1, Fward, Nr.Adarshsindhihighschoolkuber Nagar, Ahmedabad, Gujarat",India,S2-376651354,S2,LOTUS BÚILDERS,"60/1B, GALI NO-17, MAHAVIR BLOCK BHOLA NATH NAGAR, SHAHDARA, DELHI, Delhi",1.0,59.1,43.4,,True
singleton,S1-867443424,Solutions Krishna Infrastructure Pvt Ltd,"B-201, Jaz Enclve Chs Ltd, St. Anthony Road Vakola, Santacruz (East), Mumbai, Mumbai City, Maharashtra",India,S3-730734010,S3,krishna infrastructure solutions pvt ltd,"Shahdara, दिल्ली, 10 New, A-12 East Arjun Nagar, Shop No. 500/15-D, Shahdara",1.0,100.0,40.3,,False
singleton,S1-669048132,W/U Environmental Services LLC,"UT, Eagle Mountain, 7762 Copperbend Road",US,S3-133520892,S3,W/U LLC Services West Environmental,"Utah, 7764- Copperbend Road, Eagle Mountain",0.9392,100.0,94.9,,False
singleton,S1-424258687,Montent Calamos LLC,"795 Broadway Street, City Of Platteville, WI",US,S3-694412969,S3,Montent Calamos Group,"808 Broadway St, Platteville, Wisconsin",0.9031,88.2,70.2,,False
singleton,S1-807090875,Maid Pub,"15143 Hilltop Lane, Isle Of Wight County, VA",US,S2-683429209,S2,Maid Púb,"ALPINE FROST DRIVE, SACRAMENTO, CA",1.0,87.5,32.4,,True
singleton,S1-527146070,Freeman Holdings Group Inc.,"5915 219, Great Valley, NY",US,S2-581482123,S2,Inc Freeman Holding,"1715 ADAMS STREET, <NULL>, PHOENIX, AZ",0.8334,84.4,35.1,,False
singleton,S1-683647627,"Coleman, Brandt & Pulley PLLC","10809 Hammond Street, Austin, TX",US,S2-745318894,S2,"Coleman, Brandt & Pulley LLC","10812 HAMMOND STREET, TX, AUSITN",0.9157,98.0,90.0,,False
singleton,S1-446822181,"Pacific Metro, LLC","5625 Tuckeroo Way, Fair Oaks, CA",US,S2-367205556,S2,PACIFIC METRO LLC,"1522 E CAPITOL ST, WASHINGTON, DC",1.0,100.0,42.6,,True
singleton,S1-317480418,Shamit Nursing Home,"40, Sant Saikripa Society Narendra Nagar, Nagpur, Maharashtra",India,S3-76626417,S3,Shamit Nursing Home Private Limited,"Plot 71 42, Sant Saikripa Society Narendra Nagar, Nagpur, Wadi, MH",1.0,100.0,85.1,,False
singleton,S1-178834555,Technologies Gangotri Software Private Limited,"C/O Chintaman Malviya, Utsav Garden, Malanwasa, Ujjain, Madhya Pradesh",India,S3-889116819,S3,Technologies Gangotri Software Industries Prívate Limited,"No 8-6 C/o Chintaman Malviya, Utsav Garden, Malanwasa, Ujjain, MP",0.9234,90.5,91.1,,False
singleton,S1-810614693,J+ Biotherapeutics LLC,"9718 Phinney Avenue, Seattle, WA",US,S3-875165754,S3,J+ Biotherapeutics Corp,"9727 Phinney Avenue, Seattle, Washington",1.0,89.5,84.6,,False
singleton,S1-117720721,Baba Consulting Pvt Ltd,"Office No. 423, Raheja Arcade Sector 11, Cbd Belapur, Navi Mumbai, Thane, Maharashtra",India,S2-459175414,S2,Baba Consulting Private,"Gujarat, 617 KALASH6, DHUMKETU MARG, PALADI, AHMADABAD CITY",1.0,82.6,34.3,,False
singleton,S1-36648467,Patriot Starlink LLC,"495 Knights Bridge Lane, Eads, TN",US,S2-661755882,S2,Patriot Stárlink LLC,"989 550, CRAWFORDSVILLE, IN",1.0,95.0,39.3,,True
singleton,S1-27986145,Bombay Biotech Private Limited,"Pune, Occ 1 H No. 1254, Shivajinagar, Maharashtra, Pune",India,S3-644313678,S3,Bombay Biotech Limited,"Occ 01 H No. 1257, null, Poona, MH",1.0,100.0,58.7,,False
singleton,S1-959019255,Express For Inc.,"630 Oak, Unit 8, Kettle Falls, WA",US,S2-713199779,S2,Express For,"3313 CHAUNCEY PLACE, MOUNT RAINIER, MD",1.0,100.0,33.3,,True
singleton,S1-538950932,Best Exports,"220B/4C, Sector C, Shantipuram, Phaphamau, Phaphamau, Allahabad, Uttar Pradesh",India,S2-262140697,S2,Best Exports Co,"HN 857 B-20, STADIUM COMPLEX, JALGALN, Maharashtra",1.0,100.0,45.9,,True
singleton,S1-133364171,Uplift International Private Limited,"177/17A, B L Saha Road, Kolkata, Kolkata, Howrah, West Bengal",India,S2-205249916,S2,UPLIFT & (CO),"HABEEB CENTRE, NEW NO.53, 2NDFLOOR, T.T.K.ROAD ALWARPET, CHENNAI-18, Tamil Nadu",0.7439,80.0,38.3,,True
singleton,S1-731456135,"Cathee Herren, D.C., DDS PC Corp","2918 Brewster Court, Springfield, OH",US,S2-930451380,S2,"Cathee Herren, D.C., DDS PC Corp","5414-5418 HUNTER VILLAGE DRIVE, OOLTEWAH CITY, TN",1.0,100.0,39.5,,False
singleton,S1-933022734,Family Care LP,"3549 17th Street, Moorhead, MN",US,S2-838613123,S2,Family  Care LP,"3535 MOONEY AVENUE, CINCINNATI, OH",1.0,100.0,33.3,,True
singleton,S1-765967267,Navchaitanya Vidyalaya Pvt Ltd,"Unit-D, Third Floor, A-49, F.I.E.E, Okhla Industrial Area, Phase-Ii, New Delhi, South Delhi, Delhi",India,S3-63589507,S3,limited navchaitanya vídyalaya,"#5. Unit-d, New Delhi, Manesar, DL",1.0,83.3,71.1,,False
singleton,S1-533926563,AJ Elite Pioneer LLC,"195 Kodiak Circle, Raeford, NC",US,S3-535864659,S3,AJ Elite Pioneer Partners,"197 Kodiak Cir, Raefoord Township, North Carolina",0.8767,88.9,61.3,,False
singleton,S1-260213566,Scube Solutions Private Limited,"New Delhi, Delhi, Central Delhi, West Extn. Area Karol Bagh, 14-A-78",India,S3-268104362,S3,Scube Solutions Center Ltd,"Tulip-1207, Navi Mumbai, Mumbai City, महाराष्ट्र",0.9338,73.2,36.8,,False
singleton,S1-517544108,Heartland Partners LLC,"4019 Kane Avenue, Unit 1A, Mchenry, IL",US,S2-276288551,S2,HEARTLAND  PARTNERS,"MAIN STREET, HIGHLANDS, NC",1.0,100.0,33.9,,True
singleton,S1-364096533,Northup Associates LLC,"1785 Marquis Circle, Zanesville, OH",US,S2-546630157,S2,Northup Associates,"##745 VILLA NUEVA DR, LITCHFIELD PARK, AZ",1.0,100.0,42.9,,True
singleton,S1-254554241,Sweet Pilates,"3421 Silver Maple Place, Fairfax County, VA",US,S2-546603372,S2,Sweet Pilates! Co,"4337 1/2 LEEWARD COVE, FT.  WAYNE, IN",1.0,100.0,37.8,,True
singleton,S1-536605797,Adityapur Law Chambers Limited,"A-38, Block-A, East Vinod Nagar Patparganj, East Delhi, Delhi",India,S3-851875622,S3,Adityapur Law Chambers Industries Limited,"A-59, Block-a, East Vinod Nagar Patparganj, East Delhi, <NULL>, DL",0.892,100.0,96.5,,False
singleton,S1-460582902,Best Technologies Private Limited,"Flat No. C/102, Shankar Suman Park, S. No. 213/2, Bhekarainagar, Haveli, Pune, Maharashtra",India,S2-172591273,S2,BEST PRIVATE TECHNOLOGIES LIMITED,"TOWER AA-1 FLAT NUMBER 507, SIGNATURE GLOBAL SULLERA, SECTOR 107, SADAR BAZAR, Haryana",1.0,100.0,48.8,,True
singleton,S1-841230822,"Crow, Martin and Jackson","721 24th Street, Unit 12, Yuma, AZ",US,S3-170877203,S3,"Crow, Martin and Jackson Corp Center","725 24st St, Yuma, Arizona",0.941,100.0,61.8,,False
singleton,S1-39683837,Lee Entertainment of La Porte Inc,"9902 Catlett Lane, La Porte, TX",US,S2-192576293,S2,Schroer Entertainment of La Porte,"9909 CATLETT LN, LA PORTE, TX",0.7475,86.2,92.9,,False
singleton,S1-90856349,Zone Services Private Limited,"C/O Savitri Verma, H.No 1, Khasara, 1104 Village & Post Anwari Parg, Ana Kursi, Fatehpur, Uttar Pradesh",India,S2-7787360,S2,Zone Services Corp,"KH. NO - 89, VPO MOULI, MOULI AMBALA ROAD, TEHSIL, AMBALA CITY HO, Haryana",1.0,83.9,41.9,,True
singleton,S1-63504682,Paul Valley Diversified LLC,"178 Brooke Road, Stafford County, VA",US,S2-400039439,S2,Paul Diversified Valley Group,"187 BROOKE RD, null, STAFFORD COUNTY, VA",0.9396,92.0,87.3,,False
singleton,S1-472152279,Chiplun Solutions Private Limited,"A/P Navave H.No 15B, Tal - Chiplun, Chiplun, Ratnagiri, Maharashtra",India,S2-393629662,S2,Chiplun Solutions Ventures Private Limited,"A/P NAVAVE H.NO 18B, TAL - CHIPLUN, CHIPLUN, Maharashtra",0.8771,100.0,95.1,,False
singleton,S1-467176788,"Whitney Gross, M.D.","3285 Prescott Way, Fairfield, CA",US,S2-431725372,S2,"Whitney Gross, M.D. Co","3289 PRESCOTT WAY, FAIRFIELD, CA",1.0,100.0,96.7,,False
singleton,S1-476856640,(india) As Biosciences Private Limited,"230 New Apollo Estatemogra Lane Andheri (E), Mumbai, Maharashtra",India,S3-159087235,S3,(INDIA) BIOSCIENCES (INDIA),,0.9285,100.0,0.0,,False
singleton,S1-74411871,Dejarnett Fitness Inc,"895 Pettijohn Creek Road, Henry, TN",US,S2-42978388,S2,Dejarnett Fitness,"001005 HAPPY VALLEY RD, ROSEBURG, OR",1.0,100.0,29.9,,True
singleton,S1-66456219,"Andrade, Purdy and Stevenson","2301 Performance Drive, Unit 128, Richardson, TX",US,S2-274723414,S2,"ANDRADE, PURDY AND STEVENSON","02645 STONEGATE DR, WINCHESTER CITY, VA",1.0,100.0,36.6,,True
singleton,S1-652268297,Mgp Fiscal (India) Private Limited,"Bardhaman, 3Rd Floor, Royal Sapphire Apt. Sabui Nagar Rammohan Sarani, Po. Amrai, 3C, West Bengal, Durgapur",India,S2-473775749,S2,Shri Mgp Fiscal (India) Public Limited,"10C, 3RD FLOOR, ROYAL SAPPHIRE APT. SABUI NAGAR RAMMOHAN SARANI, PO. AMRAI, DURGAPUR, West Bengal",0.8291,85.7,97.7,,False
singleton,S1-215786351,EM Braves LLC,"5382 Oak Street, Bldg 5382, Fairchild Air Force Base, WA",US,S3-144027619,S3,EM Braves  Group,"Fairchild Air Force Base Township, Washington, #5385 Oak Street, Building 5382",0.8559,81.8,90.9,,False
singleton,S1-567264104,"Davison, Nonah E., Esq.","1100 Peach Orchard Lane, Unit 222, Brunswick, MD",US,S3-496307646,S3,Nonah,"1021 Competition Avenue, Billings, MT",0.5943,100.0,35.0,,True
singleton,S1-717867170,"Mooring, Vu & Toussaint LLC","Phoenix, 4849 Roosevelt Street, Unit 3117, AZ",US,S2-200072854,S2,"Mooring, Vu Toussaint Co Center","4854 ROOSEVELT STREET, ARCADIA, AZ",0.929,90.9,74.5,,False
singleton,S1-923709444,High Consulting Pvt Ltd,"304, Gf-3, Gyan Khand - 1, Indirapuram, Ghaziabad, Uttar Pradesh",India,S2-951484186,S2,High Consulting Pvt,"#6 KATHA NO.57/8/6/360, 10TH CROSS PAPANNA REDDY LAYOUT, GARVEBHAVIPALYA, BANGALORE, ಕರ್ನಾಟಕ",1.0,100.0,35.2,,True
singleton,S1-8878322,Womens Health Precision Partners,"6011 Blue Ridge Drive, Concord, NC",US,S2-989664403,S2,Womens Health Precision-Partners,"17  CLARK ST, LANCASTER, NY",1.0,100.0,35.7,,True
singleton,S1-363555141,Sm Brothers Private Limited,"T.C. No.23/70, Sarada Mandiram, Ambalamukku, Kowdiar P.O, Thiruvananthapuram, Thiruvananthapuram, Kerala, Trivandrum",India,S2-571577654,S2,Private Sm Brothers Ltd,"B-A-9 KESHAV COMPLEX FAIZABAD ROAD, LUCKNOW, Uttar Pradesh",1.0,92.0,37.2,,True
singleton,S1-285170408,White Consulting Pvt Ltd,"C/O- S.Ch.Pattnaik Pattnaik Para, Sambalpur, Orissa",India,S2-393849029,S2,White Consulting Private Limited,"Telangana, 10D, PARAMESWARA APTS, 6-3-626, ANAND NAGAR KHAIRATABAD",1.0,85.7,33.7,,False
singleton,S1-578131429,Mumbai Realty Pvt. Ltd.,"Room 3893 Chandani Agar Antop Hill Sangam Nagar, Wadala East, Mumbai, Mumbai City, Maharashtra",India,S2-958904802,S2,MUMBAI REALTY  PRIVATE,"HN 55 A-1/304, RIDDHI GARDENS, FILM CITY ROAD, GOKULDHAM OPP. WAGHESHWAR TEMPLE, MALAD - EAST, MUMBAI, Maharashtra",1.0,81.0,57.4,,True
singleton,S1-59436761,Kalinga Fabrics Pvt Ltd,"143, 2Nd Floor, Fareed & Fazeel Mall, Thiruthuraipoondi, Tiruvarur, Tamil Nadu",India,S2-820488742,S2,Mr Kalinga Fabrics LLP,"150, 2ND FLOOR, FAREED & FAZEEL MALL, THIRUTHURAIPOONDI, Tamil Nadu",0.9324,81.1,96.6,,False
singleton,S1-311558222,Gujarat International Private Limited,"C/O Md Sahib, S/O Late, Abdul Rahman, Madarsa Gali, Phulwari, Patna, Bihar",India,S2-779046920,S2,Gujarat  International,"B-00110, BIJAL BUSINESS CENTER, DASKROI, Gujarat",1.0,100.0,36.0,,False
singleton,S1-107362033,Swastik It Private Limited,"12, Samarkand Appartment 9, Opp. Jain Derasar, Maharashtra Soc, Mithakali Ellis Brdg, Navrangpura, Ahmedabad, Gujarat",India,S2-678446632,S2,Swastik It Private Límited,"SCO-106, SECOND FLOOR, COMMERCIAL COMPLEX SECTOR-17, HUDA YAMUNA NAGAR, TEHSIL - J, AGADHRI, Haryana",1.0,96.2,37.8,,True
singleton,S1-365471861,Blue Alliance LLC,"1045 1700, Unit 1130, Payson, UT",US,S2-121919804,S2,BLUE ALLIANCE CORP,"1185 AIRDALE RD, BELTON CDP, TX",1.0,86.7,31.0,,False
singleton,S1-329024396,IBY Purchase Private Limited,"Office No 43, 4Th Floor, Gundecha Chamber Nagindas Master Road, Fort, Mumbai, Mumbai City, Maharashtra",India,S2-596178507,S2,IBY Purchase Exports Private Limited,"NO 378 OFFICE NO 64, 4TH FLOOR, GUNDECHA CHAMBER NAGINDAS MASTER ROAD, FORT, MUMBAI, Maharashtra",0.8646,100.0,95.9,,False
singleton,S1-247803912,Self Corporation,"900 Stanford Drive, Village Of Waunakee, WI",US,S2-972027753,S2,SELF CÓRPORATION CORP,"913 1/2 STANFORD DRIVE, VILLAGE OF WAUNAKEE, WI",1.0,86.5,94.9,,False
singleton,S1-618192611,Accutech Nidhi Pvt Ltd,"4002, Naya Bazar, Delhi, Delhi, New Delhi, Delhi",India,S2-584924220,S2,accutech nidhi infratech pvt ltd,"4015, NAYA BAZAR, DELHI, DELHI, Delhi",0.8995,100.0,86.5,,False
singleton,S1-665207637,Ianthe Pease Choice Logistics Inc,"1110 Crescent Road, Unit APT 411, Bloomington, IN",US,S2-236564973,S2,Ianthe Pease Choice Realty Inc,"1121 CRESCENT RD, PMB 5144, BLOMOINGTON, IN",0.7439,86.8,72.1,,False
singleton,S1-249748268,Idukki District Consultants Partners,"Kerala, Adam Star Shopping Complexthodupuzha, Idukki District, Iduki",India,S2-499721394,S2,Idukki District Trans Partners LLP,"2-32 ADAM STAR SHOPPING COMPLEXTHODUPUZHA, IDUKKI DISTRICT, Keralam",0.8342,85.7,92.3,,False
singleton,S1-979374282,Lee and Mann Preferred LLC,"1132 Ashton Avenue, Unit 409, Salt Lake City, UT",US,S2-871211651,S2,lee and mann preferred llc,,1.0,100.0,0.0,,True
singleton,S1-547839981,Anchor Data Dynamics Inc,"320 Mckellips Road, Unit 225, Mesa, AZ",US,S2-509151239,S2,Anchor Partners Dynamics Data,"322. MCKELLIPS RD, MESA, AZ",0.9009,90.9,82.9,,False
singleton,S1-17218063,Kestari Illinois LLC,"2689 Cliff Road, North Bend, OH",US,S3-737650455,S3,Kestaria Illinois Llc,"2702 Clcff Rd, North Bend, Ohio",0.9335,97.6,79.3,,False
singleton,S1-283887893,Raj Tech Private Limited,"11, Ahmedabad, Gujarat, Vasundhara Colony, Gulbai Tekra, Ellisbridge, Ahmedabad",India,S2-638279977,S2,Raj  Tech Private Limited,"DOOR NO 3-08 , KSHITIJ APARTMENTS, SALISBURY PARK, OPP. SAMBHAVNATH JAIN MANDIR, GULTEKADI, महाराष्ट्र",1.0,100.0,33.3,,True
singleton,S1-161339998,Swadeshi Network Private Limited,"Ghaziabad, Flatno.412Tower-3 Veridia, Wave City, Sector-1, Shahpur Bamheta, Uttar Pradesh",India,S2-78595237,S2,Swadeshi Network Group Private,"FLATNO.412TOWER-16 VERIDIA, WAVE CITY, SECTOR-1, SHAHPUR BAMHETA, Uttar Pradesh",0.9236,88.9,98.0,,False
singleton,S1-685440567,Housing Committee,"437 Walther Road, Newark, DE",US,S2-828155460,S2,Housing [Committee],"1270 GARFIELD AVENUE, CLE ELUM, WA",1.0,100.0,37.9,,True
singleton,S1-726041073,Modern International Engineering Private Limited,"Delhi, Rampura, Hari Nagar, West Delhi, D 8 Be Block, New Delhi",India,S3-977505104,S3,Modern Smart International Engineering Private [Limited],"No.##464, Bangalore South, Bangalore, KA",0.9179,100.0,36.6,,False
singleton,S1-352378155,Kappes Integrated Citizens LLC,"1011 Appaloosa Trail, TN, Johnson City",US,S2-565164872,S2,KAPPES INTEGRATED CITIZENS CITIZENS HARBOR,"1024 Appaloosa Trail, JHNSON CITY, TN",0.917,92.9,93.0,,False
singleton,S1-227149476,Moyra Blake Piedmont Ribbon,"5004 C Dauphin Island Parkway, Mobile, AL",US,S3-805009988,S3,Moyra Bmhlae Piedmont Ribbon Metro,"Mobile CDP, 5025 C Dauphin Island Parkway, Alabama",0.6869,87.5,88.6,,False
singleton,S1-758138695,Dermatology Group Inc.,"332 76 Street, Brooklyn, NY",US,S2-413943080,S2,Dermatology Gróup,"BRATTLEBORO CITY, VT, 3818 COOLIDGE HIGHWAY",1.0,84.2,33.3,,False
singleton,S1-481697485,Parker Capstone LLC,"3042 Gun And Rod Club Road, Harrington, DE",US,S2-945554758,S2,Parker Capstone Partners,"047 GUN AND ROD CLUB RD, HARRNIGTON, DE",0.9048,88.2,90.9,,False
singleton,S1-211659922,Horizon Energy Ventures,"217 Shamrock Court, Eugene, OR",US,S2-624352296,S2,The Horizon Energy Ventures Co,"220 SHAMROCK COURT, EUGNE, OR",0.9389,100.0,90.9,,False
singleton,S1-750687961,Emory and Allen Rivernorth Partners,"19600 Gunnison Road, Fairhope, AL",US,S2-738926280,S2,"Emory ánd Allen Rivernorth, Inc.","215 MENARD ST, METAMORA, IL",0.9147,84.6,35.7,,True
singleton,S1-860138137,Beacon Bsp LLC,"47 Hutchings Street, Unit 1, Boston, MA",US,S2-130853822,S2,Beacon Bsp L.L.C.,,1.0,85.7,0.0,,True
singleton,S1-318753484,Hamilton & Carroll LLC,"1709 Citrus Way, Phoenix, AZ",US,S2-540646245,S2,Hamilton & Carroll Coastal,"PHOENIX, 1716 CITRUS WAY, AZ",0.8788,88.9,92.3,,False
singleton,S1-423513616,Rohling United Media PC,"4311 Crestwick Court, Grove City, OH",US,S2-332532,S2,Rohling United Media Associates Corp,"010806 LAURELDALE CT, HOUSTON, TX",0.8194,93.0,40.0,,True
singleton,S1-286133142,Shyam Estate Private Limited,"1 & 2 Rajkumar Corner, 105 Jp Road, Andheri West, Mumbai, Maharashtra",India,S2-612369316,S2,Shyam Estate Private,"MCD NO.89, PVT NO. 309, THIRD FLOOR, SOUTH EX PLAZA-1, VILLAGE MASJID MOTH, NEW DELHI, Delhi",1.0,100.0,38.8,,True
singleton,S1-786887241,Swastik Foundation,"No. 5/529, Vazhakulam Grama Panchayath, Mudickal Po, Periyar Junction, Kunnathunad, Ernakulam, Kerala",India,S2-410385649,S2,Swastik Foundation Private-Limited,"H.NO.D/2-62/1 , KAKATIYA NAGAR, HABSIGUDA, HYDERABAD. HABSIGUDA, HYDERABAD., HABSIGUDA, Andhra Pradesh",1.0,100.0,39.5,,True
singleton,S1-679817234,Swastik Producer Private Limited,"502, Yashwant Smruti, Prashant Nagar Naupada Thane, Thane, Maharashtra",India,S2-536886618,S2,Private Swastik Producer Ltd,"IX/329 A, ERNAKULAM, Kerala",1.0,93.3,35.3,,True
singleton,S1-926286908,Food League Private Limited,"15, Ravi Kiran, Chs Ltd, Plotb-58 Oshiwara Link Rd, Mumbai, Maharashtra",India,S2-451836642,S2,PRIVATE FOOD LEAGUE EXPORTS LIMITED,"MUMBAI, महाराष्ट्र, 26, MUMBAI",0.8012,100.0,50.0,,False
singleton,S1-821079655,Varner Rapid Chiron,"1812 Dennis Street, Houston, TX",US,S2-363550082,S2,Varner Rapid Chiron Inc,"3646 CEDAR SPRINGS DR, WINSTO-SALEM CDP, NC",1.0,100.0,31.4,,True
singleton,S1-157087898,Saint Church,"9673 19, Caneadea, NY",US,S2-992829478,S2,Saint  Church,,1.0,100.0,0.0,,True
singleton,S1-517551547,Eye Peak Partners Inc,"1717 Cedar Street, Quincy, IL",US,S2-572934566,S2,Eye Peak Partners Llc,"53625- COYOTE ROAD, PIONEERTOWN, CA",1.0,90.5,33.9,,True
singleton,S1-834063692,Even Trading Co,"356, Plot No H-9 3Rd Floor, Vardhman Corporate Plaza, Netaji Subhash Place, Pitampura, North West, Delhi",India,S2-611492391,S2,Even Trading Pvt Ltd,"H.NO 135 ATMAJ TALUKDAR BHAVAN SHERGANJ, SATNA, Madhya Pradesh",1.0,88.9,40.5,,False
singleton,S1-532765466,Solstice LLC,"7 Wilson Court, Beacon Falls, CT",US,S2-208005980,S2,Solstice LLC,"303 MCCORD ROAD, ROUNDUP, MT",1.0,100.0,42.9,,True
singleton,S1-718770072,Pediatric Dental Clinic of Poughkeepsie LLC,"Unit Apartment B, NY, Poughkeepsie, 7 Rhobella Drive",US,S2-897695000,S2,Pediatric Dental Clinic of Poughkeepsie Holdings,"11 RHOBELLA DRIVE, POUGHKEEPSIE, NY",0.9465,95.1,95.2,,False
singleton,S1-772669769,Unified Printing Union Inc.,"10 Pateman Circle, Menands, NY",US,S2-641988770,S2,L.L.C. UNIFIED PRINTING UNION,"4505-D HERITAGE PL, ROCK HILL, SC",1.0,92.3,27.1,,True
singleton,S1-377314886,Super Consulting Private Limited,"302, Kohinoor Apartment, Patel Estate Road, Jogeshwari (West), Mumbai, Mumbai City, Maharashtra",India,S2-469170919,S2,Super-Consulting Private,"#3058-C SECTOR 23, GURGAON, Haryana",1.0,100.0,32.1,,True
singleton,S1-382509190,Prime Pinnacle Village LP,"705 Miller Road, Berlin, NY",US,S2-421899599,S2,Prime Pinnacle Village LP,"11836 MAPLEWOOD AVE, DAKOTA RIDGE, CO",1.0,100.0,30.0,,False
singleton,S1-379341326,"Godsey, Chapman & Osorio LLC","133 Port Street, MD, Baltimore",US,S2-904690135,S2,"Godsey, Chapman Osorio Holdings Center","135 PORT STREET, BALTIMORE, MD",0.8712,91.3,96.4,,False
singleton,S1-68231075,NDK Rising Inc,"402 Bitterroot Drive, Athens, IL",US,S3-112419290,S3,NDK Rising L.L.C.,"405 Bitterroot Dr, Athens, Illinois",1.0,85.7,82.5,,False
singleton,S1-404714960,Mela Mathews Applied Inc.,"327 Highway 124, Damascus, AR",US,S2-805415304,S2,Mela Mathews Applied Inc.,,1.0,100.0,0.0,,True
singleton,S1-722158858,Surgical Group of Victorville,"CA, 13210 Northstar Avenue, Victorville",US,S2-115984714,S2,Surgical Group of Victorville Inc,"13213 NORTHSTAR AVENUE, VICTORVILLE, CA",1.0,100.0,97.3,,False
singleton,S1-977965023,Jaipur Innovations Private Limited,"Village-Chainpura Post-Saipura Thsil-Jamwaramgarh, Jaipur, Rajasthan",India,S2-745928059,S2,Jaipur Innovations,"136, JAIN VIHAR, KAMLA NE, HRU NAGAR KE PICHE, NEAR, JAIPUR, Rajasthan",1.0,100.0,60.0,,True
singleton,S1-441956431,Shree Service Private Limited,"C, Saifee Park, Dr. Mascarenhas Road, Opp. Post Office, Maharashtra, C-13 Ground Floor, Mumbai",India,S2-201089624,S2,Shree Private Limited Service,"46, KOLKATA, KOLKATA, West Bengal",1.0,100.0,20.8,,True
singleton,S1-648050104,Bearing Polytechnic Limited,"A-119 Govindpuram, Ghazia, Ghaziabad, Uttar Pradesh",India,S2-971254186,S2,Bearing Polytechnic Industries Limited,"A-B3/126 GOVINDUPRAM, GHAZIA, Uttar Pradesh",0.8583,100.0,83.1,,False
singleton,S1-312463460,Maruthi Welfare Society,"Plot No. 4, Bhaskar Enclave Jln Marg, Jaipur, Rajasthan",India,S2-818815180,S2,Maruthi Welfare Society Holdings,"#5 , BHASKAR ENCLAVE JLN MARG, JAIPUR, Rajasthan",0.9043,100.0,97.6,,False
singleton,S1-689647154,Ear Nose & Throat Trusted Group LLC,"414 Maple Creek Court, Apex, NC",US,S2-978084011,S2,Ear-Nose & Throat Trusted Group,"21025 TIGER LN, FLORENCE, MT",1.0,100.0,32.7,,True
singleton,S1-776619616,HW Vision,"9218 Huyck Road, Farmersville, NY",US,S2-108200719,S2,HW Vision,"BLUEBONNET BOULEVARD, ST. GEORGE CITY, LA",1.0,100.0,26.1,,True
singleton,S1-484266252,Elite Deep,"179 3rd Street, Killdeer, ND",US,S2-971209562,S2,Elite  Deep,"Berkley Rd, NORRISTOWN, PA",1.0,100.0,36.0,,True
singleton,S1-897749833,"Ceja, Mimi D., DPM","7351 Page Avenue, Otsego, MN",US,S2-185851471,S2,"Ceja, Mimi D., DPM Uptown","ELKK RIVER, MN, 7358 Page Avenue",0.8726,100.0,71.4,,False
singleton,S1-668882121,Chemmanur Charitable Trust Company,"A/902, Sainath Plaza Rajesh Tower Road, Gotri, Vadodara, Gujarat",India,S2-750568910,S2,Chemmanur-Charitable Trúst,"NO 2380 SP, SEC 46, G 26, GURUGRAM, हरियाणा",1.0,87.0,34.7,,True
singleton,S1-834002184,Carie Fountain Harbor Earth LLC,"5312 64, Union Mills, NC",US,S3-35120978,S3,The Carie Fountain Harbor Earth Inc,"531 64, Union MLLS, North Carolina",0.9462,93.1,70.4,,False
singleton,S1-56881583,"Johnston, Cole and Rodriguez Smart Center","673 Green Forest Drive, Fenton, MO",US,S2-364514206,S2,"Johnston, Cole and Rodriguez Smart Center Co","00677 GREEN FOREST DR, FENTON, MO",1.0,100.0,88.9,,False
singleton,S1-852061746,Nique,"7221 Sycamore Farm Road, West Jordan City, UT",US,S2-233154310,S2,Nique,"381A MIDDLE RD, PO BOX 6071, FARMINGTON, CT",1.0,100.0,41.0,,True
singleton,S1-704374489,Orella Vanderveer Cea Company,"6959 Surrey Trail, Roxborough Park, CO",US,S2-137477099,S2,Orella Vanderveer Cea South Company,"6966D SURREY TRL, ROXBOROUGH PARK, CO",0.9054,100.0,90.1,,False
singleton,S1-888652649,Tinto Co,"415 Church Of God Road, Goldsboro, NC",US,S2-288499939,S2,Tinto,"300-302 STATE ST, LANCASTER, KS",1.0,100.0,28.1,,True
singleton,S1-514826776,Great Global Private Limited,"Plot No 771 To 780, Bowrampet Dundigal, Qutubullapur, K.V.Rangareddy, Telangana",India,S2-956132872,S2,Great Limited (Private-Global),"DOOR NO 623 WARD NO., TEOSA AMRAVATI SHENDURJAN, TIOSA, Maharashtra",1.0,100.0,37.0,,True
singleton,S1-107343242,Apex Properties,"S.No. 10A/2 P.No. 1 Shrisai Manisha Housing Soci. Satara Karanje Turf, Satara, Maharashtra",India,S2-245102946,S2,Apex Properties LLP,"DOOR NO 18 , BRAMHADARSHAN CO OP HOUSING SOCIETY 10/1/2/3/4 BHAMBURDA TP, PUNE, Maharashtra",1.0,100.0,61.7,,True
singleton,S1-743764744,Shyam Products Private Limited,"Rajkot, 1St Floor, Gujarat, Office No. 3, Jay Jaliyan Apartment, Karan Park, Near Astron Society, Rajkot",India,S2-263177654,S2,Shyam Products (Ltd),"BLOCK B-A-645 C/O SMT. PRABHA DEVI, CHAND CHAURA, GAYA, Bihar",1.0,87.5,38.4,,True
singleton,S1-21116858,"Professional Medical Products, LLC","3823 Hideaway Street, Orange Beach, AL",US,S2-756000958,S2,PROFESSIONAL MEDICAL PRÓDUCTS,,1.0,90.3,0.0,,True
singleton,S1-37429900,Orr Endocrinology Ltd,"Bronx, NY, 4349 Katonah Avenue",US,S2-569523647,S2,endocrinology inc,"1907 LANSDOWNE DRIVE, RICHMOND, TX",0.8855,86.7,40.0,,False
singleton,S1-949033399,Patel Peace,"936 200, Unit 104, Salt Lake City, UT",US,S2-598475653,S2,Peace Co,"3003 PARSHALL ROAD, CLARKE COUNTY, VA",0.7418,76.9,43.5,,False
singleton,S1-951648588,Pediatric Dentistry Prairie Associates LLC,"356 Liberty Street, Jackson, TN",US,S2-782708924,S2,Llc Pediatric Dentistry Prairie Associates,"NY, 106 STIRRUP LN, HEMPSTEAD",1.0,100.0,35.7,,True
singleton,S1-554293619,Jalan Trading Private Limited,"C/O Ferit Francis, Athira Dale, Valavithoppe, Kollam, Kerala",India,S2-950489365,S2,Jalan Trading Límited,"SUJITKUMAR RAMDAS DOND G GO 72/1 NEAR SHELGAON KARKHANA, KARAMALA, Maharashtra",1.0,80.0,34.8,,True
singleton,S1-650656232,Back Alley Pizza!,"6478 A, Lentner, MO",US,S2-869901829,S2,Back Alley Pizza! (Corp),"32 SHORE ROAD, LONG BEACH, NY",1.0,100.0,40.9,,False
singleton,S1-680872760,Madavanagar Manpower Private Limited,"12/6, Kumarcot Layout, Harekrishna Road, Madavanagar, Bangalore, Karnataka",India,S3-612689829,S3,Mana Manpower Manpower Corp,,0.7005,61.5,0.0,,True
singleton,S1-434261440,Zimmer Immersion,"71 Blossom Street, Haverhill, MA",US,S2-153871107,S2,Zimmer Immersion Harbor,"HAVERHILL TOWNSHIP, MA, 73 BLOSSOM SAINT",0.8923,100.0,80.0,,False
singleton,S1-336482394,Hapur Living Corp,"Hapur, H No 169 Jatpura Road Ashok Nagar Pilkhuwa, Uttar Pradesh, Ghaziabad",India,S2-618496284,S2,Hapur Living Corp Industries,"171 JATPURA ROAD ASHOK NAGAR PILKHUWA, HPAUR, उत्तर प्रदेश, <NULL>",0.8215,100.0,70.2,,False
singleton,S1-603990432,Blair Conway Americas LLC,"4003 White Plains Ct, Louisville, KY",US,S3-13271033,S3,BLAIR CONWAY AMERICAS GROUP,"4014 White Plains Ct, Louisville, Kentucky",0.9375,91.3,86.7,,False
singleton,S1-698984755,Clear Hospitality Company,"6401 Gypsum Avenue, AR, Unit Apt 2, Bentonville",US,S2-450027559,S2,... Clear Hospitality Llc,"406 11ST AVENUE, NASHVILLE, TN",1.0,89.5,52.8,,True
singleton,S1-932500187,Compass,"4823 Lomax Drive, Dallas, TX",US,S2-530880857,S2,Compass Inc.,,1.0,100.0,0.0,,True
singleton,S1-598065910,Coastal All Inc,"12 Denver Terrace, Danbury, CT",US,S2-338853957,S2,All [Coastal],"HIGHWAY 41, ADAMS, TN",1.0,100.0,29.8,,True
singleton,S1-568971055,Physical Therapy Certified Specialists Associates,"68 A Heritage Hills, Somers, NY",US,S2-96919600,S2,PHYSICAL THERAPY CERTIFIED SPECIALISTS INC,"1009 1/2 WOODLAND STREET, COLUMBIA, TN",0.9201,95.0,30.8,,True
singleton,S1-244263969,Valencia Bumrungrad LLC,"305 4th Street, Rock Falls, IL",US,S3-400132103,S3,Valencia Bumrungrad Co,"Illinois, N/A, Rock Falls, 308 Furth St",1.0,93.3,68.8,,False
singleton,S1-344161176,Bharat Power,"Bulandshahr, Ushmanpur Road, Naveen Mandi, Khurja, Uttar Pradesh",India,S2-912759455,S2,Bharat Power Private  Limited,"002/1 , MBM ROYALE APARTMENT, 18TH CROSS, 18TH MAIN, J.P.NAGAR, 5TH PHASE, BANGALORE, BANGALORE SOGTH, N/A, Karnataka",1.0,100.0,35.5,,True
singleton,S1-205974466,North Systems Private Limited,"Delhi, Vijay Chowk Laxmi Nagar, East Delhi, Delhi, H-63",India,S2-143028616,S2,North Private Systems [Limited],"#6 NAGPAL COLONY, BIHANI PETROLPUMP KESAMNE, SRIGANGANAGAR, राजस्थान",1.0,100.0,36.9,,True
singleton,S1-53464520,Darjeeling (India) Transports Private Limited,"4/461, Valamkottil Towers, Judgemukku, Kakkanad, Ernakulam, Kerala",India,S2-135052463,S2,Darjeeling  India Private Limited,"DOOR NO 11TH MILE JOREKHOLA HILL CART ROAD SONADA, DARJEELING, পশ্চিমবঙ্গ",0.8054,100.0,27.3,,True
singleton,S1-827027589,Merrick Farms Inc,"301 Jackson Street, Youngstown, OH",US,S2-792681579,S2,MERRICK-FARMS INC.,"SIOUX FALLS, SD, 2301. PHILLIPS AVENUE",1.0,100.0,38.8,,True
singleton,S1-883393880,Value Business Brands LLC,"Hempstead, 1350 Grand Avenue, NY, Bldg Front",US,S2-612191911,S2,Value Business  Brands Co,"106- LONESOME DOV LANE, FORNEY, TX",1.0,93.9,44.4,,True
singleton,S1-261848799,Classic Networks,"210 Pine Avenue, Peninsula, OH",US,S2-121742794,S2,Classic Networks,"12917 35TH PLACE, TULSA, OK",1.0,100.0,41.5,,True
singleton,S1-586954429,Spa Infracorp Private Limited,"Flat No.-22, 2Nd Floor, Bldg No.-68-C Brindavan Society, Thane West, Thane, Maharashtra",India,S2-275660040,S2,Shri Spa Infracorp Public Limited,"FLAT NO.-35, 2ND FLOOR, BLDG NO.-68-C BRINDAVAN SOCIETY, THANE WEST, महाराष्ट्र",0.7774,84.0,90.3,,False
singleton,S1-353174705,New Delhi Security Pvt Ltd,"Second Floor, Bhardwaj Bhawan, 1497, Wazir Nagar, Kotla, Mubarakpur, New Delhi, Delhi",India,S2-410425647,S2,new delhi security private limited,,1.0,86.7,0.0,,True
singleton,S1-350722896,Camala Harlan Management LLC,"448 Main Street, Wellsville, NY",US,S3-168901267,S3,Camala  Harlan Management Partners,"452 Main Street, Wellsivlle, New York",0.915,92.3,78.1,,False
singleton,S1-381557646,Innovative Business Private Limited,"Flat No. 1003, Siddhivinayak Pride, S. No. 25, Plot No. 2, Manjari Bk., Haveli, Pune, Maharashtra",India,S2-570035974,S2,Pvt Innovative Business Limited,"UNIT NO. C D/217, 2ND FLOOR, JAINAM ARCADE B.T.M. COMPOUND, L.B.S. MARG, BHANDUP WE, ST, MUMBAI, MUMBAI CITY, Maharashtra",1.0,93.9,46.7,,False
singleton,S1-742739872,Ziix LLC,"3883 75th Terrace, Kansas City, MO",US,S2-578515028,S2,Ziix Inc,"7056 BOYT RD, BEAUMONT, TX",1.0,75.0,32.1,,True
singleton,S1-569923427,Grand Chemical Technologies Inc.,"471 D Fs Santiago Road, Virginia Beach City, VA",US,S2-93151266,S2,Grand Chemical Technologies Ltd.,"480 D FS SANTIGO RD, VIRGINIA BEACH, VA",1.0,93.1,85.4,,False
singleton,S1-138540696,"Brick, Miller & West Inc","47 Beam Hill Road, Unit Apartment 11, Dryden, NY",US,S2-411674914,S2,"Brick, Miller & [West]","4130 3RD STREET, MINNEAPOLIS, MN",1.0,100.0,34.7,,True
singleton,S1-634902058,Department of Veterans Affairs,"708 Chase Street, Baltimore, MD",US,S2-780396032,S2,Department of Veterans Affairs,"1109 KERRVILLE WAY, MCKINNEY, TX",1.0,100.0,30.5,,True
singleton,S1-634117994,Brighten Memorial Trust,"2Nd Floor, Solitaire No 11, Solitaire Corporate Park, Chakala Andheri East, Maharashtra, Mumbai, 1121",India,S3-26391843,S3,Brighten Memorial Trust Pvt Ltd,"1124, Mumbai, MH",1.0,100.0,60.0,,False
singleton,S1-535547806,"Ramsay, Satterfield & Mcmullen Activate LLC","124 Sky Ridge Road, Issaquah, WA",US,S2-313779255,S2,"Ramsay, Satterfield & Mcmullen Activate Inc","131 1/2 SKY RIDGE RD, ISSAQUAH, WA",1.0,95.0,87.1,,False
singleton,S1-532475132,Jam Consultancy,"G-2/1, Om Shanti Nagar, Nr. Shrinandnagar Ii Makarba Road, Vejalpur, Ahmedabad, Gujarat",India,S3-996450837,S3,Jam Consultancy LLP,"Lucknow, C/o Sri Rama Singh Yadav, उत्तर प्रदेश",1.0,100.0,31.7,,True
singleton,S1-16390630,Supreme Staffing Corporation,"2090 Raider Way, Unit 3302, Leander, TX",US,S2-890247981,S2,SUPREME [STAFFING],"#41626 CLUB POINTE DR, PHOENIX, AZ",1.0,100.0,35.8,,True
singleton,S1-620366692,Universal Systems Private Limited,"Plot No.-10 Sector-1, Shiravane Nerul, Navi Mumbai, Thane, Maharashtra",India,S2-257545778,S2,Universal Systems,"ಕರ್ನಾಟಕ, NO C-395 NO:1, 2ND FLOOR, 4TH CROSS, N.R.ROAD CROSS BANGALORE, N.R.ROAD CROSS",1.0,100.0,37.7,,True
singleton,S1-573207297,Taylor Institute of Technology,"815 Grover Street, Lynden, WA",US,S2-634101044,S2,Taylor Ínstitute of Technology,"WINDMILL LN, WESTVILLE, IN",1.0,96.7,35.3,,True
singleton,S1-492734787,New Hospital Ltd,"H.No.268, Doulatpura Ghaziabad, Ghaziabad, Uttar Pradesh",India,S2-748659522,S2,New Hospital,"63 RADHA BAZAR STREET3RD FLOOR ROOM NO 9, KOLKATA, N/A, পশ্চিমবঙ্গ",1.0,100.0,39.6,,False
singleton,S1-555736753,Sai Super Properties Pvt Ltd,"Plot No 40, H No 1-81/3, Veera Reddy Colony, Ghatkesar, Hyderabad, Telangana",India,S3-367562891,S3,Super Sai Properties Corporation,"Rps More, C/o Anil Kumar, Patna, S/o Bishnath Rai, Saguna More, Nr Dsp Office, Baily Road, Danapur, BR",1.0,83.3,36.1,,True
singleton,S1-474661684,Dbl (India) Entertainment Pvt. Ltd.,"Villa#90, Aparna Hillpark Boulevard, Near Pjr Layout, Chandanagar, Hyderabad, Telangana",India,S3-623760544,S3,Dbl (India) Entertainment Enterprises Pvt. (Ltd.),"Villa#91, Hyderabad, TG",0.8915,100.0,83.3,,False
singleton,S1-323098675,Horizon Classic Garden LLC,"2203 Bell Street, Amarillo, TX",US,S3-940235834,S3,Group Horizon Classic Garden,"Texas, Amarillo, 2210 Bell Street",0.9298,91.7,91.5,,False
singleton,S1-111665833,Miversoft Sui LLC,"5 Paddocks Circle, Unit Apartment 5, Wilton, NY",US,S2-394281476,S2,Miversoft Inc (Services),"18-22 PADDOCKS CIRCLE, WILTON, NY",0.7068,71.8,89.3,,False
singleton,S1-96376436,Sys (India) Stone Private Limited,"Ews- 178 Lalitapuram, Gorakhpur, Uttar Pradesh",India,S2-658351793,S2,Stone (India),"C/O SMT. REKHA DEVI LOHIYA NAGAR KATIHAR KATIHAR (U), KATIHAR, Bihar",0.7845,100.0,37.8,,True
singleton,S1-105304202,"Green, Bennett & Ryan Education","197 Lake Circle, Madison, AL",US,S3-534066969,S3,"LLC Green, Bennett & Ryan Education","704-C Eighth St, Barling, Arkansas",1.0,100.0,34.5,,True
singleton,S1-666588961,Precision Entertainment,"2027 27 Street, Brooklyn, NY",US,S2-974463039,S2,Precision Entertainment Inc,"2036 27 ST, BROOKLYN, NY",1.0,100.0,83.3,,False
singleton,S1-50852562,House Ventures Inc.,"119 Pitcairn Road, Olive, NY",US,S2-970061662,S2,Incorporated House Ventures,"Forrest Park Road, ATLANTA, GA",1.0,87.5,48.1,,True
singleton,S1-662677109,Urgent Care Center,"11748 Oak Street, Rock Island, OK",US,S2-159918016,S2,"Urgent Care Center,","63 QUINCY ST, WAYNEVSILLE, NC",1.0,100.0,31.0,,True
singleton,S1-666110903,Indian Producer Private Limited,"8/Saptrangi Co. Op. Hsg. Soc., Near Duttnagar, Civil Road, Valsad, Gujarat",India,S2-214794778,S2,indian producer pvt ltd,"R6-A2119, LIFE REPUBLIC, MARUNJI KASARAI RD, JAMBE, MULASHI, Maharashtra",1.0,85.2,33.1,,False
singleton,S1-656269744,Urology Clinic,"Bryan, OH, 214 Pierce Street",US,S2-919896803,S2,Urology Clinic Llc,"221-A SOUTH STREET, GLENS FALLS, NY",1.0,100.0,50.8,,True
singleton,S1-817342895,Leanna's Premier Productions,"4344 Lindero Road, Phelan, CA",US,S2-316736004,S2,Leanna's Premier Productions Corp,"4365 LINDERO ROAD, PHELAN, CA",1.0,100.0,92.6,,False
singleton,S1-571821054,Ep Forwarding Private Limited,"Upper Lingten Road Line P.O. Kolbong, P.S. Pulbazar, Darjeeling, West Bengal",India,S2-623345412,S2,M/s Ep Forwarding LLP,"West Bengal, NO 7-2 UPPER LINGTEN ROAD LINE P.O. KOLBONG, P.S. PULBAZAR, DARJEELING",0.9424,76.5,100.0,,False
singleton,S1-805873910,Urban Consulting LLP,"House No. 713, Sector 12, Panchkula, Haryana",India,S2-825246204,S2,Urban Consulting Private,"C/O SOLATA NAYAK, NS-4, PLOT NO-1731, BOMIKHAL, BHUBANESWAR, Odisha",1.0,88.9,43.1,,True
singleton,S1-95737025,T 4 Keystone Media LLC,"OH, 14766 Edgewater Drive, Newbury",US,S2-460709559,S2,Keystone [Media],"RAILROAD ST, OCEANA, WV",0.8432,100.0,26.4,,False
singleton,S1-500524143,"Certified National Bancorporation, LLC","3006 Avenue F, Wilson, KS",US,S2-519615706,S2,"Certified National Bancorporation Westgate, LLC","3017 AVENUE F, WILSON, KS",0.8874,100.0,91.3,,False
singleton,S1-855824709,Reliable Analytics Global Associates,"965 Augustine Street, Coos Bay, OR",US,S3-254299797,S3,LLC Reliable Analytics Global Associates,"976 Augustine St, Coos Bay, Oregon",1.0,100.0,84.4,,False
singleton,S1-997372952,PDT Construction LP,"8220 Driftwood Drive, Norfolk City, VA",US,S3-309030529,S3,PDT Construction LLC,"8221 Driftwood Dr, Norfolk City, Virginia",0.9429,92.3,85.3,,False
singleton,S1-526618948,Collection Consultancy,"108/197 Sisamau Bazar, Kanpur, Uttar Pradesh",India,S2-113080687,S2,Collection Consultancy Group,"G-108/206 SISAMAU BAZAR, KANPUR, NULL, Uttar Pradesh",0.9173,100.0,95.0,,False
singleton,S1-88219876,Lopez and Soe Ashford,"602 Cleveland Street, Fl 1, West Frankfort, IL",US,S3-548851578,S3,Lopez and Soe Ashford,"78-16 64 Pl, null, Ridgewood, New York",1.0,100.0,33.3,,True
singleton,S1-749853770,Kashmir Labs Limited,"C/O Rameshawer Lal Sharma, Kalawadana, Sanganer, Jaipur, Rajasthan",India,S2-76235426,S2,Kashmir Labs LLP,"NO 77 C/O RAMESHAWER LAL SHARMA, KALAWADANA, SANGANER, Rajasthan",1.0,85.7,94.8,,False
singleton,S1-885751181,Sun Products Private Limited,"Sukh Samruddhi, Bungalow No. 5, S. No. 5, Vidisha Society, Karve Nagar, Pune, Maharashtra",India,S2-686944656,S2,Sun Products Private  Limited,"A-149, KALKAJI, NEW DELHI, DELHI, N/A, Delhi",1.0,100.0,26.0,,True
singleton,S1-95202111,Orthopedic Care Associates LLC,"Camarillo, CA, 1493 La Culebra Circle",US,S2-311539374,S2,Orthopedic Care Associates Incorporated,"450 SENTINEL FIRS ROAD, PO BOX 3983, PORT HADLOCK, WA",1.0,92.9,35.3,,True
singleton,S1-68933994,Ghaziabad Agencies Pvt. Ltd.,"Ghaziabad, Uttar Pradesh, Ff, Satyam Building Rdc, Shop No. 112/A, Ghaziabad",India,S3-449613008,S3,Ghaziabad Agencies Holdings Private Limited,"Flst No. B B3/1411, Kingswood Court Gh-06, Ghaziabad, उत्तर प्रदेश",0.9063,81.8,45.9,,False
singleton,S1-688353971,"Federal Ridge Ventures, Inc","1440 Birch Avenue, Coos Bay, OR",US,S3-434127657,S3,"Federal Ridge Ventures, Corp","Oregon, Coos Bay, ##1453 Birch Ave",1.0,91.7,81.4,,False
singleton,S1-397424851,Wintz Empire Futurecorp Group,"146 Belmont Avenue, Unit 2, Springfield, MA",US,S3-238812972,S3,Wintz Empire Futurecorp Corp,"Massachusetts, 150 Belmont Avenue, Springfield",0.9471,91.2,78.8,,False
singleton,S1-763432275,Coleman Dental Associates LLC,"1437 Marty Drive, Reynoldsburg, OH",US,S2-878577439,S2,Coleman Dental-Associates Inc,"2536 STRADBROOK DR, CHARLOTTE, NC",1.0,93.1,38.1,,True
singleton,S1-424574539,Horizon Data Collective LLC,"1182 Y Drive, Amana, IA",US,S2-377697820,S2,Horizon Data Collective Ltd,"1195 Y DR, AMNA, IA",1.0,92.6,78.9,,False
singleton,S1-21231163,United Chs LLC,"25500 Drakefield Avenue, Euclid, OH",US,S2-899849420,S2,UNITED CHS LLC,"1556-A LOMBARD AVE, TOLEDO CITY, OH",1.0,100.0,48.5,,True
singleton,S1-590268331,Ig Pharma Private Limited,"Flat No. 192, Tower-C, Belvedere Tower Dlf Phase 2, Nathupur(67), Gurgoan, Gurgaon, Haryana",India,S2-94921877,S2,W6 Pharma Private Private Ltd,"S.NO 47/2A, महाराष्ट्र, DECCAN GYMKHANA, POONA",0.7704,80.0,40.7,,True
singleton,S1-124372779,Golden Media Private Limited,"Flat No. 1004, Building No. G, Srushti Co-Operative Housing Society Ltd., S. No. 82/11, 12, 32, 33, Near Rajalakshmi Sabhagruha, D.P. Road, Pune City, Pune, Maharashtra",India,S2-209561815,S2,Golden Limited Private Media,"ગુજરાત, 6THFLOOR, FLAT616, SOHAM, RESIDENCY, LAL DARWAJA, SURAT CITY",1.0,100.0,32.7,,True
singleton,S1-725081411,Christan Morison Information LLC,"MN, 1441 143rd Street, Unit Unit 134, Burnsville",US,S2-879961795,S2,Christan Morison  Information Partners,"1448 143RD ST, BURNSVILLE, MN",0.9198,93.3,82.6,,False
singleton,S1-190462669,AHY Warehouse Pvt Ltd,"F N 501, Ashirwad Towers, P No 53 Bajaj Nagar, Nagpur, Maharashtra",India,S3-513523968,S3,Limited AHY Warehouse,"MH, F N 505, Nagpur",1.0,81.0,74.1,,False
singleton,S1-930358270,Fran Ellsworth Telecom LLC,"10542 Flatlands 5 Street, Brooklyn, NY",US,S2-285342474,S2,Fran Ellsworth Telecom Co,"10549  FLATLANDS 5 ST, BROOKLYN, NY",1.0,94.1,91.2,,False
singleton,S1-544219430,Harsh Ventures,"5/298-3, Firekool Thottakkattukara, Aluva, Ernakulam, Kerala",India,S3-876265719,S3,Harsh Ventures Private Ltd,"A-81, Ground Floor, Johari Farm Noor Nagar Extn, Delhi, DL",1.0,100.0,40.0,,False
singleton,S1-958332202,Anchor Federal Alpine LLC,"4922 Clear Creek Road, Dallas, TX",US,S2-735777270,S2,ANCHOR FEDERAL INC ALPINE,"929 CLEAR CREEK RD, DALLAS, TX",1.0,92.0,91.5,,False
singleton,S1-92136565,Rocky Learning Center Associates,"6656 Florance Ruth Lane, Village Of Windsor, WI",US,S3-916053210,S3,Rocky Learning Center Associates LLC,"6659 Florance Ruth Ln, Sun Prairie, Wisconsin",1.0,100.0,65.9,,False
singleton,S1-963069509,Om Estate Limited,"Plot No 58, 1-7-1/132/2/2, Reddy Enclave Q, Road No 5, Alwal, Tirumalagiri, Hyderabad, Telangana",India,S2-96895481,S2,Om Limited Estate,"#253 F12 GIFT HOUSE 14ST FLOOR, BK 12 RD 1-D ZONE 1, GANDHINAGAR, ગુજરાત",1.0,100.0,35.1,,False
singleton,S1-441377636,Kuske Pelican Inc,"309 Maple Street, Dana, IN",US,S3-175706442,S3,Kuske Security Inc,"318 Maple St, Dana, Indiana",0.6176,69.2,73.5,,False
singleton,S1-422877339,Townes & Harmon Grading PC,"6 Summit Street, Unit Apartment 2, Fort Edward, NY",US,S2-112284907,S2,Townes & Harmon Grading Corp,"9 SUMMIT STREET, FORT EDWARD, NY",0.9517,93.3,96.6,,False
singleton,S1-186574272,Olson & Walker Spacsphere Inc,"14 Chappell Loop, Freedom, CA",US,S2-531916612,S2,Olson & Walker Spacsphere Greater Inc,"21 CHAPPELL LOOP, NULL, FREEDOM, CA",0.939,100.0,94.1,,False
singleton,S1-511701306,Continental Anchor Blackrock LLC,"7625 Williamson Valley Road, Prescott, AZ",US,S3-344401058,S3,Continental Anchor Blackrock Co,"7628 Williamson Valley Rd, Prescott, Arizona",1.0,95.2,88.9,,False
singleton,S1-682538826,Engineering Wellknown Electronics LLP,"Room No. 36/122, Namboori Madam Centre, Pathadipalam, Ernakulam, Kerala",India,S2-15241240,S2,LTD ENGINEERING WELLKNOWN ELECTRONICS,"S. NO. 15/P1P1, RAJKOT, Gujarat, NR. OCTIVA CERAMIC, LAKHDHIRPAR ROAD, LALPAR",1.0,94.6,44.4,,True
singleton,S1-584470984,Csl Trading,"17/156 A3, Manassery Fdwcs Building, Kochi, Ernakulam, Kerala",India,S2-511026987,S2,Csl Trading Public Limited,"H.NO ##17/169 A3, MANASSERY FDWCS BUILDING, KOCHI, Kerala",0.817,100.0,90.5,,False
singleton,S1-235418894,Chandraya Network,"H No:2-4-13, Pvt Emp, Near Geethanjali Scl, Kothagudem, Khammam, Telangana",India,S2-966403902,S2,Chandra (India) Network Pvt Ltd.,"VASAVI RESIDENCE, C-2ND FLOOR 2768, E BLOCK, SAHAKAR NAGAR, BENGALURU, ಕರ್ನಾಟಕ",0.7862,69.6,32.4,,True
singleton,S1-925870291,"Ilene M. Gist, D.D.S., PC","1206 Landon Avenue, Winthrop Harbor, IL",US,S3-612998202,S3,"Ilene M. Gist, D.D.5., PC Summit","Illinois, 1211 Landon Ave, Winthrop Harbor",0.6861,94.4,83.1,,False
singleton,S1-517780308,Agro Foundation,"First Floor D - 240 Ramprastha, Ghaziabad, Uttar Pradesh",India,S3-312572393,S3,Agro-Foundation,,1.0,100.0,0.0,,False
singleton,S1-410280593,VIY Great Inc,"2544 Cabezon Drive, Rio Rancho, NM",US,S2-315100137,S2,VIY  Great,"23134-23136 MEADOW WOOD COURT, SEAFORD, DE",1.0,100.0,41.7,,True
singleton,S1-165876532,Smart Finance Private Limited,"House No. 33, Sector-2, Rohtak, Haryana",India,S2-897918140,S2,Smart Finance  Private,,1.0,100.0,0.0,,True
singleton,S1-73580420,First Industrial Holdings,"5222 Northway Drive, Unit 68, Nacogdoches, TX",US,S2-704096263,S2,First Industrial Holdings Corp,"5243 NORTHWAY DR, NACOGDOCHES, TX",1.0,100.0,85.2,,False
singleton,S1-396346924,Garay Costamare,"32403 Peoria Road, Albany, OR",US,S2-321540574,S2,Costamare,"00 HAMILTON OAKS DR, HOT SPRINGS NATIONAL PARK, AR",0.7937,100.0,34.7,,True
singleton,S1-88136371,"Karin A. Van, DO, M.D., P.C.","1114 King Street, IL, Jacksonville",US,S2-357566080,S2,"Karin A. Van, DO, M.D., P.C. Ltd","JACKSONVILLE, IL, 1127 1/2 KING ST, <NULL>",1.0,100.0,78.3,,False
singleton,S1-450022865,Uptown Pub,"70 High Ridge Road, New Castle, NY",US,S2-206762696,S2,Uptown Pub Inc,"13678 US HIGHWAY 36, MARYSVILLE, OH",1.0,100.0,46.2,,False
singleton,S1-602482945,Indian Infra Private Limited,"Jaipur, Rajasthan, Jaipur, 373 A K Gopalan Nagar Jhotwara",India,S2-407088105,S2,Indian Infra,"14/5, MADHU GUPTA LANE KOLKATA, KOLKATA, KOLKATA, পশ্চিমবঙ্গ",1.0,100.0,34.5,,False
singleton,S1-243109022,Pediatric Crystal Specialists LLC,"15914 Wayland Drive, NC, Charlotte",US,S2-452617601,S2,Pediatric Crystal Specialists,"39 ARROWHEAD RD, DUXBUR YCDP, MA",1.0,100.0,41.9,,True
singleton,S1-243914352,Saga Synthetics Private Limited,"Gurgaon, Office No. 1111, 11Th Floor, Unitech Arcadia South City-2, Haryana, Gurgaon",India,S2-815183732,S2,private saga synthetics limited,"B-10, PUSHPCOURT APARTMENT, MUIR ROAD, ALLAHABAD, Uttar Pradesh",1.0,100.0,37.2,,False
singleton,S1-734620070,Seven Industries Private Limited,"Fl Sf2 Shivam Apartment, Behind New St Stand, Palus, Sangli, Maharashtra",India,S2-376265228,S2,Seven Industries,"DIAMOND HERITAGE, UNIT NUMBER H 523A, 16 STRAND ROAD, KOLKATA, KOLKATA, West Bengal",1.0,100.0,42.0,,True
singleton,S1-155585644,Heda Vincom LLP,"E-56 A, Rose Street Lal Bahadur N, Jaipur, Rajasthan",India,S2-887487590,S2,Heda Vincom Holdings LLP,"E-65 A, ROSE STREET LAL BAHADUR N, JAIPUR, Rajasthan",0.8348,100.0,98.0,,False
singleton,S1-791639129,Real It LLP,"C/O Gautam Modak Hospital Para, Klg, Kaliyaganj, Uttar Dinajpur, West Bengal",India,S2-810964968,S2,Real-It Private,"C/O MANISH KUMAR, GRAM GEJHA, MEERUT, उत्तर प्रदेश",1.0,77.8,35.3,,True
singleton,S1-590218572,Silver Business Private Limited,"C - 188, Phase - Vii Focal Point, Ludhiana, Punjab",India,S2-748072538,S2,Silver Business Private Limited,"Karnataka, NO G-19/8 , SERPENTINE ROAD, KUMARA PARK WEST BASNGALORE.",1.0,100.0,35.8,,True
singleton,S1-741147499,Elf & Brothers Private Limited,"Unit No. 303, C-Wing, Kailas Business Park, V S Marg, Parksite, Vikroli West, Mumbai, Mumbai City, Maharashtra",India,S2-676487405,S2,Brothers &,"Telangana, 2-17-1/1, MALLIKARJUN NAGAR, GHATKESAR",0.7957,100.0,33.3,,True
singleton,S1-568343824,Sunrise Foundation,"A-102, Amar Gain Co-Op Premises Soc Ltd, L.B.S Marg, Opp. S.T Workshop, Thane, Thane, Maharashtra",India,S2-240878460,S2,SUNRISE FÓUNDATION,"P.NO. ##46, FLAT NO. 202, SUSHEELA SADAN APARTMENTS, AMEERPET, Telangana",1.0,94.4,39.2,,True
singleton,S1-543282271,Highland Federation,"Albemarle, NC, 34536 Mabry Road",US,S2-850639848,S2,Highland  Federation,"10575 Poplar St, LOMA LINDA, CA",1.0,100.0,37.9,,True
singleton,S1-521917039,4046 Center Way Management,"14841 Gondola Grove, Black Forest, CO",US,S3-69171095,S3,4046 Center Way Mánagement Ltd,"14843. Gondola Grove, Colorado Sprigns, Colorado",1.0,89.3,70.4,,False
singleton,S1-713909520,Precision Supply Alliance Corp,"6295 Wimberly Road, Willow Spring, NC",US,S3-74898090,S3,Precision Supply  Alliance,"102 Weyyakin Drive, SU Valley, Idaho",1.0,100.0,37.7,,True
singleton,S1-909979367,Clyus Evolution,"705 Darlington Trail, Fort Worth, TX",US,S2-811213117,S2,Clyus Evolution,"389 PLANO RD, BOWLING GREEN, KY",1.0,100.0,34.9,,True
singleton,S1-56109511,Dougherty Tri-State Summit Inc,"490 Mcdonald Road, Aptos, CA",US,S2-273742229,S2,Inc Dougherty Tri-State Metro Summit,"494 MCONALD RD, DAY VALLEY, CA",0.9157,100.0,66.7,,False
singleton,S1-804380497,Hyderabad-60. Plast Private Limited,"4/44/ Vikas Nagardi;Sukhnagar Gaddiannaram, Hyderabad-60., Andhra Pradesh, Telangana",India,S3-757336400,S3,Hyderabad Plast,"Plot No:81, Mothinagar Erragadda, Hyderabad, Andhra Pradesh",0.8604,100.0,60.7,,False
singleton,S1-853949754,Maureene Bade House LLC,"919 21st Street, Fort Smith, AR",US,S2-609100283,S2,MAUREENE BADE HÓUSE ÍNC.,"12709 ELLSWORTH LANE, CROWN POINT, IN",1.0,87.0,40.6,,True
singleton,S1-680952762,First Design Company,"5406 Westminister Court, Houston, TX",US,S2-50293881,S2,First Design,"9445 LAKE NATOMA DR, ORANGEVALE, CA",1.0,100.0,29.9,,True
singleton,S1-466095162,Modern Standard Corp,"369 Hudson Street, Unit Apartment 2, Buffalo, NY",US,S2-546282134,S2,Modern  Standard LLC,"NY, 370 HUDSON STREET, BUFFALO",1.0,88.2,92.3,,False
singleton,S1-501456299,"Staci Ney, P.A.","2680 Balis Drive, Baton Rouge City, LA",US,S2-170885064,S2,"Staci Ney, P.A.","14020 STREAM WAY, CHARLOTTE, NC",1.0,100.0,40.0,,True
singleton,S1-555636010,"Russell, Xenia R., DDS, P.C.","13006 Meehan Drive, Austin, TX",US,S3-315500938,S3,"Russell, Xenia R., DDS, P.C. Partners","#13027 Meehan Dr, Ausin, Texas",0.9281,100.0,80.0,,False
singleton,S1-452814239,Ear Nose & Throat Center LLC,"6439 Little Sorrel Drive, Hanover County, VA",US,S2-67585674,S2,Ear Nose & Throat Center Llc,"4010 HARDING ST, FORT WORTH, TX",1.0,100.0,39.4,,True
singleton,S1-642254213,Arrow Holdings,"Ahmedabad, Ahmadabad City, Gujarat, A-404, Shapath-4, Opp., Karnavati Club, Sg Highway",India,S3-551645521,S3,Arrow Holdings Limited Center,"No 50 Kailash Bose Streetamherst Street, Kolkata, Calcutta, WB",0.9099,100.0,35.0,,False
singleton,S1-352973402,Smith Four of Houston,"12115 Osage Park Drive, Houston, TX",US,S3-488484367,S3,Smith Four of Houston Westgate Co,"Texas, 12120 Osage Park Dr, Huston",0.8305,100.0,83.1,,False
singleton,S1-122454865,Regional Hartford LLC,"821 Topaz Trail, Azle, TX",US,S2-598330809,S2,Regional Hartford LLC,"##225 TULA CIR, CHRISTIANSBURG, VA",1.0,100.0,30.2,,True
singleton,S1-410313351,Nexlotech,"147 Oak Street, Unit 2, Clinton, MA",US,S2-334072813,S2,Nexlotech Ltd,"149 OAK STREET, CLINTO CITY, MA",1.0,100.0,78.7,,False
singleton,S1-774703106,Cure Massage Inc,"26879 Riverford Drive, Perrysburg, OH",US,S2-500751188,S2,Cure  Massage Co,"646 OLD FORT ROAD, PMB 5682, FAIRVIEW, NC",1.0,90.3,41.1,,False
singleton,S1-769489723,Xylia Smith Modern Affiliated,"3019 85th Street, Chicago, IL",US,S3-562081262,S3,Xylia Smith Modern Affiliated Group,"3022 85th St, Chicago, Illinois",0.9535,100.0,75.0,,False
singleton,S1-545499399,Samrat Intelligence Private Limited,"C- 23, 24, 1St Floor, Sundram Mansion, Swej Farm, Bhagwan Das Marg, Near Vivek Vihar Metro, Station, Jaipur, Rajasthan",India,S3-274945589,S3,Samrat Intelligence LLP,"C- 44, 24, 1St Floor, Sundram Mansion, Swej Farm, Bhagwan Das Marg, Near Vivek Vihar Metro, Station, Jaipur, RJ",1.0,90.5,96.9,,False
singleton,S1-417997432,Modern Engineering Limited,"#472, 1St Floor, 6Th Cross, 8Th Main Viveknagar, Bangalore, Karnataka",India,S2-239691217,S2,modern engineering private limited,"886/8, W NO.8, F.NO. S-4 FF L/SIDE. MEHRUALI, DELHI, Delhi",1.0,100.0,34.6,,True
singleton,S1-884901737,Chiropractic Metro Center Inc.,"124 Tom Beasley Road, Westmoreland, TN",US,S2-215196409,S2,Chiropractic Metro Center,"07115 MOSSY BANK TRAIL, PO BOX 8198, HUNTSVILLE, AL",1.0,100.0,35.7,,True
singleton,S1-245994308,Zia Andrus Cascade Gold,"1116 Oak Street, Muscatine, IA",US,S3-319097109,S3,Zia Andrus Cascade Gold Ltd,"125 Oak St, Muscatine, Iowa",1.0,100.0,79.2,,False
singleton,S1-88381748,Pediatric Care,"665 156th Place, South Holland, IL",US,S2-39079223,S2,Pediatric-Care,"66 MURRAY ST, PO BOX 5644, BINGHAMTON, NY",1.0,100.0,42.9,,True
singleton,S1-760905633,PQ India Private Limited,"Plot No. J -1 -15, Block Ep, Salt Lake City P.S- Electronics Complex, Sector-V, Kolkata, Parganas North, West Bengal",India,S2-71872280,S2,PQ India Pvt Ltd,"KHASRA NO. 18/2, 3/1, 9/2, MOUZA DABARKI, KUNJPURA, Haryana",1.0,80.0,34.4,,True
singleton,S1-577986926,Thane Studio Limited,"15/107 Open Plt Shajeevan, Soc, Shivai Nagar, Thane, Maharashtra",India,S3-318265579,S3,Thane Studio,"Office No. 1802, MH, Thane, 18Th Floor, Solus Hiranandani Estate, Ghodbunder Road, Near Patlipada, Thane (West), Navi Mumbai Region",1.0,100.0,41.4,,True
singleton,S1-929794131,Green Impex Private Limited,"S.No. 111P(2), Door No.5(23) Kudripadhav, Kallmundkur, Mangalore, Dakshina Kannada, Karnataka",India,S2-347607762,S2,Green Impex  Private,"Madhya Pradesh, D/2312-E SUDASA NAGAR, INDORE",1.0,100.0,43.2,,True
singleton,S1-230782714,Choice Oxley Inc,"2915 1100, Layton, UT",US,S2-570121183,S2,Choice-Oxley LLC,"0329034 WESTWOOD LN, LUTHER, OK",1.0,87.5,37.5,,True
singleton,S1-404231592,Midwest Preparatory Academy,"2402 Lake Brandt Place, Unit E, Greensboro, NC",US,S2-710776205,S2,Midwest Preparatory Academy Co,"01605 ACOMA PL, OK, PONCA CIT YCITY",1.0,100.0,39.5,,False
singleton,S1-721195056,Keystone Quality Peoples,"2090 Honrine Road, Clinton, NC",US,S2-50086422,S2,KEYSTONE QUALITY PEOPLES GROUP,"CLINTON, NC, 2099 HONRINE ROAD",0.9439,100.0,96.4,,False
singleton,S1-458033551,Perfect Projects Private Limited,"902 Sadashiv Peth Near Nagnath Park, Pune, Abvicici Bnk, Maharashtra",India,S2-324020867,S2,Perfect Projects,,1.0,100.0,0.0,,True
singleton,S1-732739983,Network Traders Pvt Ltd,"D.No.3-63, Tallarevu Mandal, Tallarevu, East Godavari, Andhra Pradesh",India,S2-227834555,S2,NETWORK TRADERS PRIVATE LIMITED,"#301/1 23RD MAIN 6TH BOCK JAYANAGAR, BANGALORE, Karnataka",1.0,85.2,36.7,,True
singleton,S1-394464704,Oconnell Institute of Technology,"769 Jefferson Street, Red Hill Borough, PA",US,S2-969779116,S2,Oconnell Institute of Technology Lakeside Corporation,"790 JEFFERSON ST, REDD HILL, PA",0.8762,100.0,78.3,,False
singleton,S1-122747169,Better Supply Networks,"11800 Greenwich Boulevard, Surprise, AZ, Unit 112",US,S3-856385619,S3,Better Supply Networks Llc,"Arizona, Surprise, Unit 112, 11821c Greenwich Blvd",1.0,100.0,83.9,,False
singleton,S1-745990279,Divine College,"C/O Chanchal Singh, Bighana Bighana, Allahabad, Uttar Pradesh",India,S3-633690092,S3,Divine College Private Limited,"H.no 21 C/o Chanchal Singh, Bighana Bighana, Allahabad, उत्तर प्रदेश",1.0,100.0,83.7,,False
singleton,S1-967519429,Global Diamond Agricultural,"1300 Charlotte Street, Unit Unit 13, Lower Pottsgrove Township, PA",US,S2-809510715,S2,Diamond Agricultural Global (Inc),"212 GOWER CIR, KNIGHTDALE, NC",1.0,100.0,35.3,,True
singleton,S1-516676480,Cascade Association,"Barberton, 379 Shenandoah Boulevard, OH",US,S2-726641064,S2,CASCADE ASSOCIATION,"7481 MUMS COURT, FONTANA, CA",1.0,100.0,41.3,,True
singleton,S1-694455209,Baba Resorts Private Limited,"03Rd Floor No. 1034, Sri Sri Sai Arcade, 9 Floor, 24 Main, Sector-I, Hsr Layout, Bangalore, Karnataka",India,S2-159553477,S2,Ba Resorts-Ltd,"B WING, G-002, CTS 477, SILVER UTOPIA BLDG, CHAKA, MUMBAI, Maharashtra",0.8558,66.7,43.5,,True
singleton,S1-299247022,Baba Food Private Limited,"Nashik, 10, 11 Hare Krishan Apt Swami Samarth Nagar Adgoan, Fl No 1, Maharashtra",India,S2-370756183,S2,BABA LIMITED FOOD,"N/A, Maharashtra, 37 A B, MAZAGAON OLD ANJIRWADI",1.0,100.0,45.4,,False
singleton,S1-398790255,Dream Consulting Private Limited,"8Th Floor, Tower B Innov8, Peninsula Business Park, Mumbai, Maharashtra",India,S2-350565894,S2,DREAM  CONSULTING,"DOOR NO 008-2-120/112/88-89 APARNA CREST, 3RD FLOOR, ROAD NO 2, BANJ, ARA HILLS, HYDERABAD, తెలంగాణ",1.0,100.0,38.7,,True
singleton,S1-829294405,Quantic Midcap LLC,"4220 2C Emily Loop, High Point, NC",US,S2-183091577,S2,Quantes Midcap Llc,"02206 BROOKS ST, NORMAN CDP, OK",0.89,88.9,39.3,,False
singleton,S1-228384644,Technologies Cloud Commercial Private Limited,"Flat No-102, Grandmark Exotica-1 Near Palam Heights, Shampur, Bhubaneswar, Khordha, Orissa",India,S2-242352991,S2,Technologies Cloud Commercial Private,"SANALA TALAVIYA ROAD, NEAR EMPELLER QUARTZ LLP VILLAGE: BELA RANGPAR, MORBI, Gujarat",1.0,100.0,41.2,,True
singleton,S1-383314390,"Harmony F. Grice, Esq.","Indianapolis, IN, 7948 Valley Trace Lane",US,S3-146736833,S3,"Harmony F. Grice, Esq. Ltd","7961 Valley Trace Lane, null, Indianapolis, Indiana",1.0,100.0,88.2,,False
singleton,S1-307624556,James & Sibley Supply LLC,"1280 Heritage Lane, Waite Park, MN",US,S2-59653392,S2,James & Sibley [Supply],"1336  MOUNTAIN VIEW CIR, SOUTHPORT, NY",1.0,100.0,41.8,,True
singleton,S1-258497498,Lacerda Royal Wen,"101 Rose Avenue, Kannapolis, NC",US,S2-807418079,S2,Royal Wen,"372 LODENQUAI LANE, EUGENE, OR",0.6824,100.0,42.1,,True
singleton,S1-49839950,Arly's Occupational Therapy,"176-30 80 Road, Jamaica, NY",US,S2-140111333,S2,ARLY'S OCCUPATIONAL THERAPY (CENTER),"GOLDSBORO, NC, 634. SPRING BANK ROAD",0.958,100.0,41.4,,True
singleton,S1-726431070,Melody Electronics Private Limited,"#12C, Savitry Greens-2, Gazipur Road, Rajpura, Mohali, Punjab",India,S2-566200050,S2,Melody Electronics,"PLOT NO. DX 10., TTC INDUSTRIAL AREA, MIDC SHIRVANE, NERUL POST, NAVI MUMBAI, महाराष्ट्र",1.0,100.0,34.3,,True
singleton,S1-862564114,Brain Eco Pvt. Ltd.,"Plot No.10, South Balabackiya Nagar, Tirunelveli, Tamil Nadu",India,S2-267712947,S2,Eco Limited,"HN 0429 E-72, UNITY BUILDINGSFIRST FLOOR, J.C.ROAD, BANGALORE, BANGALORE, ಕರ್ನಾಟಕ",0.7089,50.0,37.4,,True
singleton,S1-267359782,MW Prairie Alpine Inc.,"TX, 2016 Winona Avenue, Tyler",US,S2-555368766,S2,MW Prairie Alpine,"JONESVILLE, NC, 3932  WOODRUFF RD",1.0,100.0,35.1,,True
matched,S1-875744667,Allied Institute,"347 Mistilake Lane, Draper City (sl Co), UT",US,S2-887641105,S2,ALLIED-INSTITUTE,"204 MILES AVE, CHECOTAH, OK",1.0,100.0,40.6,False,True
matched,S1-421584794,Nguyen Ventures LLC,"MA, Unit 6, 73 Robbins Street, Waltham",US,S2-737319675,S2,nguyen ventures llc,"73 ROBBINS STREET, WALTHAM, MA",1.0,100.0,100.0,True,False
matched,S1-969869270,Cardiology Center of Damascus LLC,"19251 224, Damascus, OR",US,S2-891140722,S2,Cardiology Center of Damascus LLC,"19251 224, DAMASCUS, OR",1.0,100.0,100.0,True,False
matched,S1-776131310,Paa LLC,"3480 Pasture Lane, Virginia Beach City, VA",US,S2-198819510,S2,Paa,"3510 48RD AVENUE, OMAHA, NE",1.0,100.0,36.9,False,True
matched,S1-539809374,Foot & Ankle Liberty Center Inc,"9219 Laurel Hill Drive, Fl 0, Saint Louis, MO",US,S2-222688609,S2,FOOT & ANKLE LIBERTY CENTER CO,"9221 LAUREL HILL DR, SAINT LOUIS, MO",1.0,94.7,86.8,False,False
matched,S1-647907809,Patriot Vaneck,"2533 Rambling Road, Fairfax County, VA",US,S2-582587045,S2,*** Patriot Vaneck Co,"OH, NORTH ROYALTON, STATE RD",1.0,100.0,35.5,False,True
matched,S1-403292492,"Dowell, Chenoweth & Whetstone Corp","6057 30, Canandaigua, NY",US,S2-932459425,S2,"Dowell, Chenoweth & Whetstone Incorporated","24 BLUE BIRD LN, HARLAN, KY",1.0,91.2,29.8,False,True
matched,S1-175408577,Patriot Flagstar LLC,"4814 Buckeye Avenue, Spokane, WA",US,S2-451112252,S2,Patriot Flagstar,"600 TROLLVIEW RD, GRANTS PASS, OR",1.0,100.0,29.5,False,True
matched,S1-443646608,Abcon Seva Samiti,"14South Ganesh Nagar, Delhi, East Delhi, Delhi",India,S3-474621855,S3,Abcon Seva Samiti,"Door No 14South Ganesh Nagar, Delhi, East Delhi, DL",1.0,100.0,100.0,True,False
matched,S1-684397931,Surgical Physicians of Ellicott City,"10637 Warburton Court, Ellicott City, MD",US,S2-616268515,S2,Surgical Physicians Of Ellicott City,"MD, 10637 WARBURTON COURT, ELLICOTT CITY",1.0,100.0,100.0,True,False
matched,S1-561037489,Zimmerman Crystal Sui,"586 550, UT, Tremonton",US,S2-59919068,S2,Zimmerman-Crystal Sui,"586 550, TREMONTON, UT",1.0,100.0,100.0,True,False
matched,S1-707839728,YQD Restaurants LLC,"3387 Gra Mar Drive, Putnam County, TN",US,S2-576113497,S2,YQD RESTAURANTS (LLC) (LLC),"3387 GRA MAR DR, PUTNAM COUNTY, TN",1.0,100.0,95.5,True,False
matched,S1-88685921,Zeromile Marketing Limited,"329/A, Thadani House, Worli Village Worli, Mumbai, Mumbai City, Maharashtra",India,S2-142930230,S2,Zeromile Marketing Ltd,"329/A, THADANI HOUSE, WORLI VILLAGE WORLI, MUMBAI, Maharashtra",1.0,91.7,100.0,True,False
matched,S1-12390079,Futuristic Consultants Co,"32, Parshwnath, Baroda Road, Halol, Panch Mahals, Gujarat",India,S2-940269734,S2,Futuristic Consultants,"32, PARSHWNATH, BARODA ROAD, HALOL, Gujarat",1.0,100.0,100.0,True,False
matched,S1-101382838,Amaya Agricultural Inc,"131 North Avenue, Unit FRONT, Abington, MA",US,S3-785813022,S3,Amaya Agricultural Partners Corporation,"135 North Ave, # Front, Abington, Massachusetts",0.9096,90.0,79.0,False,False
matched,S1-262235903,Magnificent & Co,"Reddiar Chatramdindigul Taluk Dindigul District, Tamil Nadu, Dindigul, Tamil Nadu",India,S3-471007772,S3,Magnificent Magnificent & [Co],"Reddiar Chatramdindigul Taluk Dindigul District, Dindigal, Dindigul, TN",0.993,100.0,89.5,True,False
matched,S1-565107477,"Pinnacle Superior Alibaba, Inc","2555 Imbs Station Road, IL, Millstadt",US,S2-455493505,S2,"Pinnacle Superior Alibaba, Corp","VERDUNVILLE, 65-A SQUIRES AVE, WV",1.0,92.6,30.3,False,False
matched,S1-321203440,Ironclad LLC,"9863 Geneva Avenue, Montclair, CA",US,S2-645044116,S2,"IRONCLAD, LLC","10349  WOOD HEIGHTS DRIVE, DALLAS, TX",1.0,100.0,27.7,False,True
matched,S1-349422844,Wileen Cabassa Titan LLC,"3303 Mayfair Drive, Victoria, TX",US,S3-443394398,S3,Wileen Cabassa Titan Llc,"Mayfair Dr, Victoria, Texas",1.0,100.0,80.0,True,False
matched,S1-384365461,LC Empire Communities P.C.,"11502 Charles Road, Houston, TX",US,S2-986222842,S2,LC EMPIRE COMMUNITIES P.C.,"CHARLES ROAD, HOUSTON, TX",1.0,100.0,100.0,True,False
matched,S1-630616400,Bharat Good Infrastructure Private Limited,"Delhi, C-53, Delhi, Preet Vihar Delhi",India,S3-716605543,S3,Bharat Good Infrastructure Private Ltd,"Door No 132 C-53, Preet Vihar Delhi, Delhi, DL",1.0,95.0,100.0,True,False
matched,S1-493080031,Chris Trusteeship Private Limited,"B-3 Kh N- 1112/34 & 38 Gali No-6 Johari Pur Extension, Karawal Nagar Delhi, North East, Delhi",India,S2-851792722,S2,Chris Private  Trusteeship Limited,"Delhi, B-##3 KH N- 1112/34 & 38 GALI NO-6 JOHARI PUR EXTENSION, KARAWAL NAGAR DELHI",1.0,100.0,100.0,True,False
matched,S1-791231339,Ludhiana (East) Industries Ltd,"Shop No. 19 Gf Hp Gas Godown, Ramgarh Road, Ludhiana (East), Ludhiana, Punjab",India,S2-490654555,S2,Ludhiana (East) Industries,"Punjab, H.NO 19 GF HP GAS GODOWN, RAMGARH ROAD, LUDHIANA (EAST)",1.0,100.0,98.2,True,False
matched,S1-514769792,Clemons Academy LLC,"321 Menke Street, Sealy, TX",US,S2-454423863,S2,Clemons Academy,"##713 LINDEN CT, MOUNT STERLING, KY",1.0,100.0,32.1,False,True
matched,S1-702179830,Zephus Air,"2544 Weddington Avenue, Unit 2350, Charlotte, NC",US,S2-302924186,S2,Zephus Air Corp,"2544 WEDDINGTON AVENUE, CHARLOTTE, NC",1.0,100.0,100.0,True,False
matched,S1-63389635,Bay Montessori School Associates,"230 Cortez Drive, Canton Township, PA",US,S2-344024877,S2,Bay Montessori School Associates Inc.,"230 1/2 CORTEZ DR, WASHINGTON, PA",1.0,100.0,66.7,True,False
matched,S1-400543409,Modern Shivam Management Private Limited,"Bangalore, No.15, Bangalore, Reliable Silver Oak Layout, Harlur Village, Varthur Hobli, Karnataka",India,S3-487313681,S3,Limited Modern Shivam Management Services,"No 15, Reliable Silver Oak Layout, Harlur Village, Varthur Hobli, Bangalore, KA",0.9145,88.9,97.9,True,False
matched,S1-863231985,Murliwala Tradelinks Limited,"55 Govt Colony, Ground Floor, Budge Budge - I, South 24 Parganas, West Bengal",India,S3-724668407,S3,Murliwala Tradelinks (Llp),"58 Govt Colony, South 24 Parganas, WB",1.0,90.9,90.6,False,False
matched,S1-966093571,Stanley Highland Stonebridge,"300 Oregon Trail, Lincoln, NE",US,S3-262426239,S3,Stanley Stonebridge Highland,"Oregon Trail, Lincoln CITY, Nebraska",1.0,100.0,85.1,True,False
matched,S1-703253686,Lee and Andujar LLC,"824 High Street, Columbus, OH",US,S3-803266779,S3,Lee and LLC-Andujar,"24 High Street, Columbus, Ohio",1.0,100.0,94.5,True,False
matched,S1-97089782,Smart Shakti It,"Sov 3/1102, Crimson Park West Vatika City, Sector-49, Gurgaon, Haryana",India,S2-618279353,S2,Shakti Smart It Pvt Limited,"518, PURANI CHANDMAARI SUBHASH NAGAR, BAREILLY, Uttar Pradesh",1.0,100.0,37.1,False,True
matched,S1-272158689,Mohatta Industrial,"1-10-98/14, Plot No.14, Dwarakadas Co Operative H, Secunderabad, Hyderabad, Telangana",India,S2-504555185,S2,Mohatta Industrial Corp,"1-10-98/14, PLOT NO.14, DWARAKADAS CO OPERATIVE H, SECUNDERABAD, Andhra Pradesh",1.0,100.0,88.4,True,False
matched,S1-664579037,Europa Academy Corporation,"969 Kanat Road, Mhow, Indore, Madhya Pradesh",India,S2-203038667,S2,EUROPA ACADEMY COMPANY,"H.NO 683 42/3, SHIVANAHALLI, JAKKUR, YELAHANKA HOBLI, BANGALORE, Karnataka",1.0,83.3,38.2,False,False
matched,S1-799667446,DO Waste Co,"2806 S 3rd St, Unit 1, Louisville, KY",US,S2-928054684,S2,DO WASTE  CORP,"2813 S 3RD ST, LOUISVILLE, KY",1.0,91.7,89.8,False,False
matched,S1-874561871,Physical Therapy Total Center PLLC,"16252 Sunripe Lane, Accomack County, VA",US,S2-928047778,S2,Physical Thérapy Total Center PLLC,"16252 Sunripe Ln, PAINER, VA",1.0,97.1,76.2,True,False
matched,S1-584426857,Urban Hypnosis,"VA, 17281 Four Seasons Drive, Prince William County",US,S2-413865487,S2,Urban Hypnósis,"129 TRINITY LN, DECATUR, AL",1.0,92.9,35.1,False,True
matched,S1-957538608,Soft Saving Private Limited,"House No.22232-A Street- No.12, Dhobiana Road, Power House Road, Bathinda, Punjab",India,S2-282090574,S2,Soft Saving Private  Limited,"Punjab, HOUSE NO.22232-A STREET- NO.12, DHOBIANA ROAD, POWER HOUSE ROAD, BATHINDA",1.0,100.0,100.0,True,False
matched,S1-273576096,"Jensen, Elliott & Ceballos Advisory L.L.C.","123 Ben Carpenter Road, Cherryville, NC",US,S2-788431389,S2,"Jensen, Elliott & Ceballos Advisory Inc.","271 D STREET, OR, SPRINGFIELD",1.0,94.4,31.2,False,False
matched,S1-340817836,Luke Partners Inc,"3842 Little Rock Drive, Antelope, CA",US,S2-7223742,S2,LUKE  PARTNERS INC,"3842 LITTLE ROCK DR, ANTELOPE, CA",1.0,100.0,95.4,True,False
matched,S1-247564809,Behavioral Health Pacific Group,"1015 Nalla Road, Henrico County, VA",US,S2-749559614,S2,Behavioral Héalth Pacific Group,"2196 DERBY RD, EEDN, NY",1.0,96.8,40.7,False,True
matched,S1-691741469,"Nava, Ryan & Choi","26 Glenora Road, Starkey, NY",US,S3-135837489,S3,"Nava, Ryan & Choi Co","26 Glenora Road, Starkey, New York",1.0,100.0,93.9,True,False
matched,S1-804704135,Taram Consultancy Private Limited,"Sanjay Place, Agra, Uttar Pradesh, Agra, C-10/7F Cloth Market",India,S2-721656806,S2,Taram Consultancy  Private Limited,"C-10/7F CLOTH MARKET, SANJAY PLACE, AGRA, उत्तर प्रदेश",1.0,100.0,85.4,True,False
matched,S1-329916271,"Surgical Silver Health, LLC","2018 Todville Road, Seabrook, TX",US,S2-145453977,S2,surgical silver health,"926 CRESTWOOD DRIVE, GALAAX, VA",1.0,100.0,40.7,False,True
matched,S1-590625779,"Nydia Ortiz, D.C.","Silverton, 1504 Mill Street, OR",US,S2-90028687,S2,"Nydia Ortiz, D.C. Ltd","1515 MILL STREET, OR, SILVERTON",1.0,100.0,93.1,False,False
matched,S1-984457090,Kishor International School,"Shri Kher Akshaya C/30 High Class Residency Sno344 Plno 300 Bavdhan Kd, Pune, Maharashtra",India,S2-237391976,S2,Company Kishor International School,"PLOT 61 BLOCK 102, RAJKOT, Gujarat",1.0,100.0,30.3,False,True
matched,S1-169676865,Padmanabh Traders Private Limited,"2004, 20Th Floor, Tower A-7, Saviour Greenisle, Ghaziabad, Uttar Pradesh",India,S2-607558412,S2,Padmanabh Tráders Private Limited,"2004, 20TH FLOOR, TOWER A-7, SAVIOUR GREENISLE, GHAZIABAD, उत्तर प्रदेश",1.0,97.0,89.1,True,False
matched,S1-95121630,Peak Security Company,"9 City Place, Unit 352, Nashville, TN",US,S2-841699890,S2,Peak-Security,"2901 VILLAGE RD, NORWOOD, MA",1.0,100.0,36.7,False,True
matched,S1-370963584,Blue Infra (India),"Through Sudeep Kr Shrotriya, E-31, Basement Enclave-Ii, New Delhi, South Delhi, Delhi",India,S2-216461842,S2,BLUE INFRA PRIVATE LIMITED,"618 DLF GALLERIA DLF PHAE-IV, GURGAON, Haryana",0.8783,76.9,37.0,False,True
matched,S1-998009799,Simonson Workshop LLC,"10638 Hwy 44, Foss, OK",US,S2-951049099,S2,Aronson Workshop L.L.C.,"361-363 ALL HALLOWS AVE, WICHITA, KS",0.7296,68.3,37.0,False,False
matched,S1-239780221,"Henley, Woehler and Baker","118 Lexington Avenue, Mansfield, OH",US,S3-80827180,S3,"henley, woehler and baker","118 Lexington Ave, Mansfield, Ohio",1.0,100.0,92.3,True,False
matched,S1-708409620,Sky Foundation Private Limited,"Plot No. 42, Sector 1A, Gandhidham, Kachchh, Gujarat",India,S2-110920126,S2,sky foundation limited,"F.NO. 2132-C-2-V, VASANT KUNJ, NEW DELHI, दिल्ली",1.0,100.0,38.6,False,True
matched,S1-776695488,Green Valuence,"11096 Air Park Road, Hanover County, VA",US,S2-839334951,S2,Green Valuence Co,"11096C AIR PARK ROAD, HANOVER COUNTY, VA",1.0,100.0,98.7,True,False
matched,S1-882486110,Equinox LLC,"546 Westlake Street, Horseheads, NY",US,S2-732310621,S2,Equinox,"11703 PLUMPOINT DRIVE, HOSUTON, TX",1.0,100.0,30.8,False,True
matched,S1-260908149,Nexlais Regional Enbridge,"Groton, 41 Forest Street, CT",US,S2-276767694,S2,Nexlais  Regional Enbridge,,1.0,100.0,0.0,True,False
matched,S1-625182932,Preferred National Alpha Inc,"18920 Toldt Woods Drive, Unit Unit 10, Town Of Brookfield, WI",US,S3-161331298,S3,Preferred Preferred National Alpha Lakeside,"0018921 Toldt Woods Drive, # Unit 10, Town Of Brookfield, Wisconsin",0.8705,92.3,90.7,False,False
matched,S1-202207536,Regional Construction Global LLC,"107 Bluestem Circle, Gatesville, TX",US,S2-427005797,S2,LLC REGIONAL CÓNSTRUCTION GLOBAL,"107 BLUESTEM CIR, GATESVILLE, TX",1.0,96.9,95.2,True,False
matched,S1-476768322,Industries Azad Dairy Private Limited,"Malappuram, Ayamkudi House, Valillapuzha Vazhakkad Po, Malappuram, Malappuram, Malapuram, 6/335 - A, Kerala",India,S2-822690253,S2,INDUSTRIES AZAD DAIRY PRIVATE LIMITED,"കേരളം, 6/33 - A, AYAMKUDI HOUSE, VALILLAPUZHA VAZHAKKAD PO, MALAPPURAM, MALAPPURAM, MALAPPURAM",1.0,100.0,93.2,True,False
matched,S1-909712529,Kania Callan Drugs LLC,"7 Briarcliff Lane, Paxton, MA",US,S2-905641214,S2,Kania  Callan Drugs LLC,"7 BRIARCLIFF LANE, PMB 1740, PAXTON, MA",1.0,100.0,100.0,True,False
matched,S1-204771575,Jabalpur Fashion Private Limited,"Plot No 22, Near Wisdom V, Awani Vihar Phase 1 Shast, Jabalpur, Madhya Pradesh",India,S2-546257764,S2,Jabalpur Limited Private Fashion,"#22 , NEAR WISDOM V, AWANI VIHAR PHASE 1 SHAST, JABALPUR, मध्य प्रदेश",1.0,100.0,89.5,True,False
matched,S1-294181800,Buchanan County Aviation,"1206 Ivy Lick Branch Road, Buchanan County, VA",US,S3-554962551,S3,Buchanan County  Aviation,"1206 Ivy Lick Branch Rd, Vansant, Virginia",1.0,100.0,69.0,True,False
matched,S1-456856320,Ss Brothers Pvt Ltd,"H.No-1-10-2/1, Madinaguda Serilingampalle, Hyderabad, Rangareddy, Telangana",India,S2-487371553,S2,Ss  + Brothers,"FF-13A, NEXT TO PANTALOONS, CROSS RIVER MALL, OPP LEELA HOTEL, SHAHDARA, NEW DELHI, Delhi",1.0,100.0,37.0,False,True
matched,S1-993426440,Strike Eco Partners,"435 Alice Street, Helena, MT",US,S2-970850835,S2,Strike Eco  Partners,"HELENA, 0435 ALICE STREET, MT",1.0,100.0,98.1,True,False
matched,S1-111326491,Donovan and Frazier Beauty L.L.C.,"8 Genest Avenue, Prospect, CT",US,S2-769352649,S2,*** Donovan and Frazier Beauty,"522 KIVA AVENUE, AZTEC CITY, NM",1.0,100.0,46.4,False,True
matched,S1-505061822,Pioneer Hospitality Private Limited,"Office No.1008, Landmark Plot No.26A, Sector-7, Kharghar, Raigarh, Maharashtra",India,S2-463469449,S2,Pioneer  Hospitality Ltd,"H.NO 54-2-220/1/A, GUNDLA SINGARAM, HANAMKONDA, Telangana",1.0,90.5,41.9,False,True
matched,S1-372749487,Sri Ganganagar Top Pvt Ltd,"House No.- 1 Street No. 2, Brahm Colony, Sri Ganganagar, Sriganga Nagar, Rajasthan",India,S2-551934533,S2,Ganganagar Top,"HOUSE NO.- 001 STREET NO. 2, BRAHM COLONY, SRI GANGANAGAR, राजस्थान",0.9242,100.0,87.4,True,False
matched,S1-810106450,Ironclad P.C.,"13285 Scott Road, Erie, KS",US,S2-757626075,S2,Ironclad PC,"Lakehurst Street, CITY OF OXNARD, CA",1.0,87.0,44.8,False,True
matched,S1-869168970,Maid Tattoo!,"37316 W Lake Walker Drive, Enumclaw, WA",US,S2-412236034,S2,Maid Tattoo Corporation,"9676 STATE HIGHWAY 309, OZARK, AR",1.0,100.0,38.2,False,True
matched,S1-863273861,Cozy Cafe! Co,"405 Stuart Avenue, Redlands, CA",US,S2-350800937,S2,COZY LLC-CAFE,"14837 PEYTON DRIVE, CHINO HILLS, CA",1.0,88.0,41.9,False,True
matched,S1-242244351,Culinary Krishi Limited,"B-1902, Peninsula Business Park, Senapati Bapat Marg, Ganapatrao Kadam Marg, Mumbai, Maharashtra",India,S2-717766941,S2,Culinary Krishi,"B-1902, PENINSULA BUSINESS PARK, SENAPATI BAPAT MARG, GANAPATRAO KADAM MARG, MUMBAI, Maharashtra",1.0,100.0,100.0,True,False
matched,S1-444008235,Misra North Limited,"Shop No. 4, Plot No. 38, Sector - 15, Cbd Belapur, Navi Mumbai, Mumbai City, Maharashtra",India,S2-716473017,S2,MISRA NORTH (LIMITED),"SHOP NO. 4, PLOT NO. 38, SECTOR - 15, CBD BELAPUR, NAVI MUMBAI, महाराष्ट्र",1.0,100.0,91.9,True,False
matched,S1-545814807,Travel Trading,"Banwari Lal, House No. 513 Chamarkhera, Hisar, Hissar, Haryana",India,S2-758350346,S2,Travel Trading Co,"BANWARI LAL, HOUSE NO. 5-13 CHAMARKHERA, HISAR, Haryana",1.0,100.0,94.8,True,False
matched,S1-466488016,Star Business Global Inc,"524 Hartley Avenue, OR, Gresham",US,S2-846300759,S2,Star Business Global Group,"527. HARTLEY AVE, GRESHAM, OR",0.9144,90.9,90.9,False,False
matched,S1-350864098,Physical Therapy Care Associates LLC,"1612 Pleasant Street, Indianapolis, IN",US,S2-557009181,S2,Physical Therapy Care Associates (LLC),"2170 23B, SOUTH CAIRO, NY",1.0,100.0,33.9,False,True
matched,S1-230600418,Pioneer Financial Innovations Inc.,"5270 O'connor Boulevard, Unit 2506, Irving, TX",US,S2-406914634,S2,PIONEER FINANCIAL INNOVATIONS,"16341 SPRING VIEW DR, INCORPORATED, IL",1.0,100.0,40.5,False,True
matched,S1-862062045,Meerut Solutions Private Limited,"Plot No. 15 Raja Ram Mohan Rai Marg Near Shakti Bhawan Ashok Marg, Lucknow, Uttar Pradesh",India,S2-186287884,S2,MEERUT SOLUTIONS PRIVATE LIMITED,"V KHASPUR POKHARKHOODA MEERUT, MEERUT, Uttar Pradesh",1.0,100.0,48.4,False,True
matched,S1-890533463,Tricia Devine Dynamic Ellington LLC,"49 Lydia Lane, Taunton, MA",US,S3-33511943,S3,"DEVINE, TRICIA DYNAMIC ELLINGTON LLC","0049 Lydia Ln, Taunton CDP, Massachusetts",1.0,100.0,70.3,True,False
matched,S1-570474388,Arts Council,"UT, West Valley City, Unit D, 2285 Orion Way",US,S2-823150485,S2,Arts Council Inc.,"9320 CRANORD DRIVE, POTOMAC, MD",1.0,100.0,34.3,False,True
matched,S1-653017612,Family League III,"94 San Andreas Court, West Jordan City, UT",US,S2-594706571,S2,Family League III LLC,"##96 SAN ANDREAS COURT, WEST JORDAN CITY, UT",1.0,100.0,97.5,False,False
matched,S1-773985678,Mumbai Garden Corporation,"Grace Estate Builders, 205 Cts 151(Pt), Kaveri Chsl Dadabhai Navroji Cross Road, Andheri (We, St), Mumbai, Mumbai City, Maharashtra",India,S2-618230327,S2,Mumbai  Garden,"GRACE ESTATE BUILDERS, 205 CTS 151(PT), KAVERI CHSL DADABHAI NAVROJI CROSS ROAD, ANDHERI (WE, ST), MUMBAI, Maharashtra",1.0,100.0,100.0,True,False
matched,S1-618742293,Bls Brothers Private Limited,"C/O-Krishan Dev Sah, Village+Post-Lakhanpur, Darbhanga, Muzaffarpur, Bihar",India,S2-342777464,S2,BLS BROTHERS PRIVATE LIMITED,"C/O-KRISHAN DEV SAH, VILLAGE+POST-LAKHANPUR, DARBHANGA, Bihar",1.0,100.0,100.0,True,False
matched,S1-115042404,International Unique Global Pvt Ltd,"House No. 62, Harijan Colony Meethapur, Badarpur, New Delhi, South Delhi, Delhi",India,S3-16653417,S3,International Unique Global Public Limited,"New Delhi, Hn 38 House No. 75, Harijan Colony Meethapur, Badarpur, DL, South Delhi",0.8844,87.1,97.5,False,False
matched,S1-19561565,Mineus Inc,"Independence, Unit 8, 18926 37th Terrace, MO",US,S3-123825924,S3,Mineus  Incorporated,,1.0,75.0,0.0,True,False
matched,S1-672949829,Granite Inc,"2865 Springridge Drive, Fl 0, Saint Louis, MO",US,S2-752508714,S2,Granite LLC,"297 SWAN STREET, POTSDAM, NY",1.0,81.8,35.3,False,True
matched,S1-350019399,Golden Book Store,"502 Starlite Drive, Elizabethtown, KY",US,S2-397150803,S2,Golden  Book Store,"ASBURY RD, SEAFORD, DE",1.0,100.0,29.1,False,True
matched,S1-782587417,UIN Exports Corp,"Telangana, Hig, Hyderabad, Tirumalagiri, 273, 16-31-273/102, Vaishnavi Sharada Sadan",India,S2-977898227,S2,UIN  Corporation Exports,"350A, MAIN ROAD, NADUTHIDIYOOR THIDIYOOR, TIRUNELVELI, Tamil Nadu",1.0,82.1,38.5,False,True
matched,S1-235359538,Dermatology Summit Clinic LLC,"1509 Corning Avenue, Parsons, KS",US,S2-624727929,S2,Dermatology Summit Clinic Incorporated,"33 EDWARD ST, PO BOX 2612, BELHAVEN, NC",1.0,92.6,42.4,False,True
matched,S1-754414340,Super 56 Bakery Partners,"KY, 14522 English Park Cir, Unit 303, Louisville",US,S3-532352036,S3,SUPER 56 BAKERY PARTNERS,"Louissville, Kentucky, 1452 English Park Cir",1.0,100.0,80.5,True,False
matched,S1-929249111,Eye Care,"3860 Salida Court, Florissant, MO",US,S2-178777487,S2,Eye Care,"04 HILLTOP ROAD, DE, WILMINGTON",1.0,100.0,33.3,False,True
matched,S1-442609716,2705 Second Blvd Holdings,"529 Lakewood Avenue, Baltimore, MD",US,S2-644845582,S2,2705 Second Holdings Blvd,"529 LAKEWOOD AVE, BALTIMORE, MD",1.0,100.0,95.1,True,False
matched,S1-955523345,"MD Midwest Teucrium, Inc","133 Broughton Boulevard, Lake View, IA",US,S2-318604078,S2,"MD Midwest Teucrium,  Inc","129  BROUGHTON BOULEVARD, LAKE VIEW, IA",1.0,100.0,94.4,True,False
matched,S1-999179417,Gondia Services Associates,"C/O Yogeshwari A.Rahangdale, House No.4, Tumkheda Kh, Tah-Dist-Gondia, Gondia, Gondiya, Maharashtra",India,S2-53508685,S2,Gondia Associates Services,"C/O YOGESHWARI A.RAHANGDALE, HOUSE NO.4, TUMKHEDA KH, TAH-DIST-GONDIA, GONDIA, Maharashtra",1.0,100.0,100.0,True,False
matched,S1-358085775,Shakti Jay Consulting Private Limited,"B 104, Evan Elegance Bldg., In Kaul Heritage City, Bhabola Naka, Vasai Palghar Thane, Thane, Maharashtra",India,S2-783503139,S2,Shakti Jay-Consulting Private Limited,"B 104, EVAN ELEGANCE BLDG., IN KAUL HERITAGE CITY, BHABOLA NAKA, VASAI PALGHAR THANE, महाराष्ट्र, NULL",1.0,100.0,92.9,True,False
matched,S1-508558284,Bright Consulting Private Limited,"E-738Mayur Vihar Phase-2, New Delhi, East Delhi, Delhi",India,S2-467281480,S2,BRIGHT CONSULTING PRIVATE  LIMITED,"S/O SH.NARAYAN SINGHYADAV, PH-#4 SHIV VIHAR KARAWAL, DELHI NORTH EAST, दिल्ली",1.0,100.0,58.2,False,True
matched,S1-500392524,Amos Management Inc,"1420 Lynne Lane, Phoenix, AZ",US,S2-522334857,S2,Amos Mánagement,"KY, MILLSTONE, 130 MCCRAY LN",1.0,82.4,42.3,False,True
matched,S1-271787376,Commission on Labor,"8409 Kellogg Court, Lutherville, MD",US,S2-806249077,S2,COMMISSION ON LABOR  LTD,"16301 BRICK RD, GRANGER, IN",1.0,100.0,37.9,False,False
matched,S1-978831771,Kalpavriksh Food Private Limited,"Panruti, Cuddalore, Tamil Nadu, Road, Street, Apatharanapuram, Dno.10/3/1",India,S2-814805683,S2,-- Kalpavriksh Food Private,"CUDDALORE, ROAD, STREET, APATHARANAPURAM, DNO.10/3/1, Tamil Nadu, PANRUTI",1.0,100.0,100.0,True,False
matched,S1-228920941,Optimal Sim,"Houston, 13515 Yardmaster Trail, TX",US,S2-911880266,S2,Optimal Sim Corporation,"13515 YARDMASTER TRAIL, HOUSTON, TX",1.0,100.0,100.0,True,False
matched,S1-623206949,NSP Farmers Private Limited,"Room No-1801/A, Meera Apartment, Opp. Oshiwara Police Station, Andheri We, St, Mumbai, Mumbai City, Maharashtra",India,S2-785526705,S2,NSP FARMERS PRIVATE LIMITED,"HN 743 ROOM NO-1801/A, MEERA APARTMENT, OPP. OSHIWARA POLICE STATION, ANDHERI WE, ST, MUMBAI, Maharashtra",1.0,100.0,97.3,True,False
matched,S1-463335077,Bluebird Steel Private Limited,"Mohannagar, Kurukshetra, Haryana",India,S2-495290063,S2,Bluebird Steel Private,"NO. 722 SCO-52, AERO ARCADE, RAJPURA, ਪੰਜਾਬ",1.0,100.0,31.9,False,True
matched,S1-504625122,Global Federation,"7927 Preston Hill Court, Mentor, OH",US,S2-429542341,S2,GLOBAL FEDERATION LLC,"MENTOR, OH, 007927 PRESTON HILL COURT",1.0,100.0,97.1,True,False
matched,S1-963922992,Dermatology Center LLC,"343 Conway Road, Trinity, AL",US,S2-810515102,S2,Dermatology Center LLC,"851 50RD AVE, SWEET HOME CITY, OR",1.0,100.0,35.1,False,False
matched,S1-782096303,Andheri (East) Infracity Pvt. Ltd.,"301/302, Andheri (East), Maharashtra, Mumbai, Vertex Vikas, A Wing, Old Nagardas Road",India,S2-207541861,S2,Andheri (East) Infracity Pvt.,"301/302 , VERTEX VIKAS, A WING, OLD NAGARDAS ROAD, ANDHERI (EAST), Maharashtra",1.0,100.0,100.0,True,False
matched,S1-502259034,Oval Solutions Private Limited,"#689, Hisgrace Building, Punnakulam K.S. Puram P.O, Karunagappally, Kollam, Kerala",India,S2-803335673,S2,Private Oval Limited Solutions,"689, KARUNAGAPPALLY, KOLLAM, Keralam",1.0,100.0,86.2,True,False
matched,S1-415746682,Brown Liberty Futurecorp LLC,"15469 River Valley Drive, Saint Louis, MO",US,S3-506085069,S3,Brown Liberty Futurecorp,"Saint Louis, Missouri, 15469 River Valley Drive, PMB 4645",1.0,100.0,96.0,True,False
matched,S1-810505084,Rocky Biosciences Inc,"259 E Hill Road, Middlesex, VT",US,S3-691561125,S3,Rocky Biosciences,"259 E Hll Road, PMB 7369, Middlesex, Vermont",1.0,100.0,83.3,True,False
matched,S1-507647431,Heartland Rice LLC,"8218 Apple Road, Sarcoxie, MO",US,S2-777573632,S2,Heartland Rice Ltd.,"BEAVERTON, 203 Hall Boulevard, OR",1.0,88.9,41.4,False,False
matched,S1-149766229,Allied Committee,"354 18th Avenue, City Of Oshkosh, WI",US,S2-417629629,S2,Allied Committee,"0354 18TH AVE, OSHKOSH CITY, WI",1.0,100.0,88.9,True,False
matched,S1-300877707,Nous Resources Inc,"3025 Indiana Avenue, Casper, WY",US,S2-577607948,S2,Nous Resources Corp.,"3026 INDIANA AVE, CASPER CITY, WY",1.0,87.5,83.3,False,False
matched,S1-700184328,Green Foods Private Limited,"206, Slf Mall, Sector 30-33, Faridabad, Haryana",India,S2-48217088,S2,Green Foods LLP,"Telangana, ###62 TSIIC KATTEDAN, HYDERABAD, RAJENDRANAGAR",1.0,84.6,38.3,False,True
matched,S1-692824511,West Charter School Inc.,"317 Dewey Avenue, Northlake, IL",US,S2-36782493,S2,West Charter School Inc,"508 CAPRICORN ST, MISSION, TX",1.0,100.0,25.0,False,True
matched,S1-179526493,Beard Dental Associates PLLC,"246 Jeremy Drive, Hedgesville, WV",US,S2-302993935,S2,Beard Dental Associates P.L.L.C.,"WV, 246-248 JEREMY DR, HEDGESVILLE",1.0,90.2,89.3,True,False
matched,S1-234363715,Bharat Sree Agro Pvt Ltd,"Plot No. 129 And 130 At Po- Tinimuhani Dist.- Kendrapara, Kendrapara, Orissa",India,S2-647596046,S2,Sree Limited Private Bharat,"OFFICE NO. 513, ARENJA CORNER, SECTOR 17, NAVI MUMBAI, VASHI, THANE, N/A, महाराष्ट्र",0.8576,74.5,43.6,False,True
matched,S1-896998797,Bangalore Solutions LLP,"Unit No-55, No-260, Third Floor Domlur Layout, 2Nd Stage, Bangalore, Karnataka",India,S2-921466160,S2,Bangalore Solutions Ltd,"DOOR NO 159  BALAJI LAYOUT, MALLATHAHALLI, BANGALORE, Karnataka",1.0,91.3,65.9,False,True
matched,S1-387663922,Pediatric Dental Trusted Care Associates PLLC,"726 Second Street, Unit 2, Annapolis, MD",US,S2-447908176,S2,PEDIATRIC DENTAL TRUSTED CARE ASSOCIATES,"726 2ND STREET, ANNAPOLIS, MD",0.916,100.0,92.0,True,False
matched,S1-433418423,Dermatology Clinic LLC,"804 Viking Way, Sweden, NY",US,S2-625689341,S2,Dermatology-Clinic LLC,"920 UNION ST, EMPORIA, KS",1.0,100.0,29.8,False,True
matched,S1-561288662,Pammie's Custom Hospitality LLC,"ME, Glenburn, 41 Roundstone Drive",US,S2-507700583,S2,Pammie's Custom Hóspitality LLC,"41 ROUNDSTONE DRIVE, GLENBURN, ME",1.0,96.8,100.0,True,False
matched,S1-623942345,Kiwi College,"Lamex Arcade Buildingp O Road, Trichur, Thrissur, Kerala",India,S2-485396178,S2,Kiwi College,,1.0,100.0,0.0,True,False
matched,S1-334310570,Savitri & Brothers Private Limited,"B-38, G/F 11/56 Pal Mohan Plaza D B Gupta Road, Karol Bagh, Delhi, Central Delhi, Delhi",India,S3-716559169,S3,Savitri & Brothers Private,"W 81, Anupam Gardens Lane No. 8, New Delhi, South Delhi, DL",1.0,100.0,43.1,False,False
matched,S1-632645015,HDY Leasing Private Limited,"401, Green Garden, City Center, Gwalior, Gird, Gwalior, Madhya Pradesh",India,S2-163146162,S2,>> HDY LEASING PRIVATE (LIMITED),"401, GWALIOR, MORENA, मध्य प्रदेश",1.0,100.0,53.7,True,False
matched,S1-181388880,Sky Investments Private Limited,"Dno 1-119-16, Pno 1-158, Sector-12, Mvp Colony, Visakhapatnam (Urban), Visakhapatnam, Vishakhapatnam, Andhra Pradesh",India,S2-547606225,S2,Sky Investments Limited,"6/5/7, RATANSHI NAGAR, SANGALI., महाराष्ट्र",1.0,100.0,29.7,False,True
matched,S1-548630622,Baba India Private Limited,"Surat, Gujarat, Bld-B3-402, Royal Resi. Motavarachha, Surat",India,S2-907273443,S2,Baba India,"OFFICE 426, GERA IMP ALPHA, PUNE, Maharashtra",1.0,100.0,44.4,False,True
matched,S1-199968819,Black Global Ventures Private Limited,"Flat No-711, 7Th Floor, Picadilly 2, Aarey Milk Col Royal Palms Estate, Unit No-26, Survey N, Umber -169, Goregaon East, Mumbai City, Maharashtra",India,S2-707131617,S2,Black Global Ventures Limited (Private),"GALA NO.4- , GHAR NO:830, PRABHA NIWAS, SHIVMANDIR ROAD, PURNA VILLAGE, BHIWANDI, THANE, Maharashtra",1.0,100.0,43.6,False,False
matched,S1-240058788,Galaxy Systems Private Limited,"Plot No 15, Samarth Nagar Monalisa Dp-2, Aurangabad, Maharashtra",India,S2-34209420,S2,Galaxy Systems,"SHOP NO - 05, RAJ LAND, COLONY, TALEGAON STATION, MAWAL, महाराष्ट्र",1.0,100.0,45.4,False,True
matched,S1-270686560,Ardor Trust,"Sd 382 Second Floor Tower Apartments Pitampura, New Delhi, North Delhi, Delhi",India,S2-265885982,S2,Ardor Trust,"SD 382 SECOND FLOOR TOWER APARTMENTS PITAMPURA, NEW DELHI, दिल्ली",1.0,100.0,96.6,True,False
matched,S1-878094038,Avila Solutions PLLC,"13901 Clear Lake Way, Unit 418, Cheney, WA",US,S2-12217859,S2,Avila Solutions P.L.L.C.,"13901 CLEAR LAKE WAY, N/A, CHENEY, WA",1.0,85.7,93.8,True,False
matched,S1-964830317,Michalski Prairie King LLC,"2229 Saddlebrook Drive, Salina, KS",US,S2-471303985,S2,-- Michalski Prairie King,"SADDLEBROOK DR, SALINA CITY, KS",1.0,100.0,84.0,True,False
matched,S1-302698104,India Gm Services Private Limited,"No. 90, 9Th Cross, Muneshwara Layout, Bangalore North, Bangalore, Karnataka",India,S2-618954534,S2,India Gm Services,"##90 , 9TH CROSS, MUNESHWARA LAYOUT, BANGALORE NORTH, Karnataka",1.0,100.0,100.0,True,False
matched,S1-624127107,Nottingham Education Council,"9014 Moonstone Road, Nottingham, MD",US,S2-570738269,S2,Nottingham Education Council Inc,"##9014 MOONSTONE ROAD, NOTTIGHAM, MD",1.0,100.0,98.5,True,False
matched,S1-162314644,"Cantrell Green Gabelli, Inc","823 4th Avenue, Fl 1, Hillsboro, OR",US,S2-668381398,S2,CANTRELL GREEN GABELLI CORP,"1069 MAIN, COLVILLE, WA",1.0,91.7,26.4,False,False
matched,S1-451431584,National Pediatrics,"206 Main Street, Poughkeepsie, NY",US,S2-891720178,S2,National Pediatrics Corp.,"1003 S CAPITOL STREET, WASHINGTON, DC",1.0,100.0,45.5,False,False
matched,S1-937735502,First Methodist Church,"8 Locust Street, Allenport Borough, PA",US,S2-702006535,S2,First Methodist Church Co,"47 Overlook Road, WALTHAM, MA",1.0,100.0,34.9,False,True
matched,S1-597577433,Poulin & Phung Communications,"Kokomo, IN, 520 Salem Drive",US,S2-678919129,S2,POULIN & PHUNG COMMUNICATIONS (LLC),"529 SALEM DRIVE, KOKOMO, IN",1.0,100.0,96.0,False,False
matched,S1-363296525,Ear Nose & Throat Associates,"3258 Sagebrush Trail, Pioneertown, CA",US,S2-68447808,S2,"Ear Nose & Throat Associates,","VA, 14492 SENTRY ROAD, PRINCE WILLIAM COUNTY",1.0,100.0,46.8,False,True
matched,S1-84827445,A Star Service Inc,"2207 Thomas Drive, Fl 1, Columbia, MO",US,S2-841811946,S2,A STAR SERVICE LTD,"84 MUSKEGON DRIVE, FAYETTEVILLE, NC",1.0,87.5,38.8,False,False
matched,S1-991006139,International Black Constructions Private Limited,"Bhagwat Prasad Yadav Near Star Automobile, Rewa Road, Satna, Madhya Pradesh",India,S2-868967506,S2,International Black Constructions Private Ltd,"BHAGWAT PRASAD YADAV NEAR STAR AUTOMOBILE, REWA ROAD, SATNA, Madhya Pradesh",1.0,95.7,100.0,True,False
matched,S1-212841104,Taylor and Hopkins Inc,"Frisco, TX, 6772 Waverly Lane",US,S2-846469543,S2,Taylor and Hopkins Inc,"6772 1/2 WAVERLY LN, FRISCO, TX",1.0,100.0,89.8,True,False
matched,S1-991244095,"Cotton, Moria R., MD","176 Waverly Street, Unit Apartment 3R, Yonkers, NY",US,S2-631929983,S2,"COTTON, MORIA R., MD",,1.0,100.0,0.0,True,False
matched,S1-5109157,Infra Pharos Marketing Private Limited,"5/167-C Poona Wadiabove Icici Bank Dr Ambedkar Road Dadar Tt, Mumbai, Mumbai City, Maharashtra",India,S3-766773167,S3,Infra  Pharos Marketing Private Limited,"5/167- Poona Wadiabove Icici Bank Dr Ambedkar Road Dadar Tt, Mumbai, Mumbai City, MH",1.0,100.0,97.9,True,False
matched,S1-641398798,India Soundarya Infrabuild Company,"3-6-444/A/1/1, Road No.4, Himayathnagar, Hyderabad, Telangana",India,S2-109781933,S2,INDIA LIMITED INFRABUILD PRIVATE SOUNDARYA,"H.NO 21 , PRATHAMESH PLAZA, VASAI, Maharashtra",1.0,86.7,45.4,False,True
matched,S1-223535459,"Western Ligand, LLC","5015 Azalea Meadow Lane, Katy, TX",US,S2-97357492,S2,"Western Ligand,","AZALEA MEADOW LN, KATY, TX",1.0,100.0,93.3,True,False
matched,S1-996668314,Midwest Council II,"5302 294th Street, Graham, WA",US,S2-996707521,S2,Council Midwest II,"294TH ST, GRAHAM, WA",1.0,100.0,90.9,True,False
matched,S1-599136250,Sree Power Private Limited,"B-1, Flat-5, Sunder Nagar, S V Road, Malad W, Mumbai City, Maharashtra",India,S2-265904404,S2,Sree Power Corp,"NO 320 , 6TH CROSS, 7TH MAIN, K.N. EXTENSION TRIVENI ROAL, YESHWANTHAPUR, BANGALORE, Karnataka",1.0,80.0,38.7,False,True
matched,S1-247155197,Reliable Equipments Private Limited,"2Nd Floor Rajvi Arcadeopp-Gurukul Drive In Road Memnagar, Ahmedabad, Gujarat",India,S2-32209781,S2,Reliable Equipments Private,"NO 2ND. FLOOR RAJVI ARCADEOPP-GURUKUL DRIVE IN ROAD MEMNAGAR, AHMEDABAD, ગુજરાત",1.0,100.0,94.3,True,False
matched,S1-12505963,Raj Developers Limited,"C-22, Ugf, Anoop Nagar Uttam Nagar, New Delhi, West Delhi, Delhi",India,S2-642264181,S2,RAJ DEVELOPERS PRIVATE LIMITED,"7, LAXMAN VIHAR, PH-II, GURUGRAM, SADAR BAZAR, Haryana",1.0,100.0,31.1,False,True
matched,S1-999246041,"Panous, L.L.C.","10201 99th Avenue, Unit 112, Peoria, AZ",US,S2-610501950,S2,"Panous, L.L.C.","10201 99TH AVE, PEORIA, AZ",1.0,100.0,90.9,True,False
matched,S1-847569811,Bombay Services Private Limited,"92-C, Mittal Tower Nariman Point, Mumbai, Maharashtra",India,S2-187943630,S2,Bombay Private Limited Services,"PLOT NO 1, FLAT NO F-21, GOVINDAM TOWER KARDHANI YOJNA, GOVINDPURA, KALWAR ROAD, JAIPUR, Rajasthan",1.0,100.0,40.3,False,True
matched,S1-87807705,Devan Cement,"901 Tower U, Supertech Ecociti Sector 137, Noida, Gautam Buddha Nagar, Uttar Pradesh, Gautam Buddha Nagar, Uttar Pradesh",India,S2-819257766,S2,Devan  Cement,"9-01 TOWER U, SUPERTECH ECOCITI SECTOR 137, NOIDA, GAUTAM BUDDHA NAGAR, UTTAR PRADESH, Uttar Pradesh",1.0,100.0,98.1,True,False
matched,S1-819792097,Innovative Solutions Limited,"C/O Ladu Ram Kabra, 10 S 1, Rc Vyas, Bhilwara, Rajasthan",India,S2-362375161,S2,Innovative Solutions Ltd-Pvt,"A-61 VIVEK VHIAR PHASE-II, DELHI, दिल्ली",1.0,85.7,34.5,False,True
matched,S1-399030837,Laxmi Logistics Private Limited,"Naya Bati Post And Distwef 08 12 99 Ps Kotwali, Jalpaiguri, West Bengal",India,S2-635255323,S2,Laxmi-Logistics Private  Limited,"B-2507 NIKOO HOMES-2, BHARTIYA CITY, BANGALORE NORTH, Karnataka",1.0,100.0,40.3,False,True
matched,S1-722014086,Narula Plywoods Private Limited,"M-17, Gyan Deep Sagar Vihar Colony Vaishali Nagar, Ajmer, Rajasthan",India,S2-172979780,S2,Narula Plywóods,,1.0,60.9,0.0,True,False
matched,S1-90011753,Happy Coffee,"TX, Sabinal, 416 Davenport Street",US,S2-807756866,S2,Happy  Coffee,"001931 ROCK FENCE DR, RICHMOND, TX",1.0,100.0,41.3,False,True
matched,S1-314933493,Galaxy Systems Pvt Ltd,"C/O Durga Steel, B-75, Sector - 83, Uttar Pradesh, Gautam Buddha Nagar, Noida",India,S2-34209420,S2,Galaxy Systems,"SHOP NO - 05, RAJ LAND, COLONY, TALEGAON STATION, MAWAL, महाराष्ट्र",1.0,100.0,39.1,False,True
matched,S1-711488466,Srishti Nursing Home,"5/577 Gf Vaishali Ghaziabad, Ghaziabad, Uttar Pradesh",India,S2-319248713,S2,Srishti  Nursing Home,,1.0,100.0,0.0,False,True
matched,S1-254048998,Ace Healthcare Private Limited,"No 86/140, M.K.Amman Koil Street Mylapore, Chennai, Tamil Nadu",India,S2-833747362,S2,Ace Healthcare Límited,"தமிழ்நாடு, HN 1-199 36-1, KAVITHALAYA, II STREET THIRUVALLUVAR NAGAR, RAMANATHAPURAM, COIMBATORE",1.0,80.8,44.9,False,True
matched,S1-714296418,Patriot Initiative,"525 Elder Street, Irondale, AL",US,S2-169184293,S2,LLC Patriot Ínitiative,"26 AUSTIN AVENUE, SAUGERTIES SOUTH, NY",1.0,85.0,40.6,False,True
matched,S1-839436642,Tetreault Investments Corp,"3111 Carman Road, Unit Apartment 14, Rotterdam, NY",US,S2-128017100,S2,Tetreault Investments,"SCHENECTADY, NY, 3111C CARMAN RD",1.0,100.0,54.5,True,False
matched,S1-86108426,Css International Private Limited,"Ff-A-01 To A-03, Gayatri Chambers, Nr. Sureliya Estate, Bagefirdos, Vastral Road, Ahmadabad City, Ahmedabad, Gujarat",India,S2-184223682,S2,Css International Private Ltd,"FF-A-##01 TO A-03, GAYATRI CHAMBERS, NR. SURELIYA ESTATE, BAGEFIRDOS, VASTRAL ROAD, AHMADABAD CITY, Gujarat",1.0,93.5,100.0,True,False
matched,S1-919732395,Owens Metals LLC,"300 Campbell Street, Gore, OK",US,S2-690734362,S2,Owens Metals,"BERGESON COURT, FUQUAY VARINA, NC",1.0,100.0,27.6,False,False
matched,S1-670572391,Pr Investment Private Limited,"Mig Ii, Housing Board Colony, Katni, Madhya Pradesh",India,S3-284979093,S3,Pr Investment Limited,"Dor No 6 Mig Ii, Katni, MP",1.0,100.0,66.7,False,False
matched,S1-949898402,Vision Medicine,"3116 Charleston Avenue, Phoenix, AZ",US,S2-681845932,S2,Vision Medicine Ltd.,"#3089 BAISLEY TRAIL, KAYT, TX",1.0,100.0,37.3,False,True
matched,S1-794843646,Division of Education,"Golden Valley, AZ, 3724 Gila Road",US,S2-374452698,S2,Division óf Education,,1.0,95.2,0.0,False,True
matched,S1-821449305,Featherstone Silver Mortgage,"1728 Almond Creek Place, Henrico County, VA",US,S3-957042987,S3,Featherstone  Silver Mortgage Partners,"1735 Almond Creek Pl, Henrico, Virginia",0.9355,100.0,74.4,False,False
matched,S1-272979749,First Presbyterian Church,"136 North Street, Middleborough, MA",US,S2-205192244,S2,First Presbyterian-Church Inc,"21 LESTER RD, PHELPS, NY",1.0,100.0,36.4,False,False
matched,S1-30008867,Unique Consulting Pvt Ltd,"32, Cosmos Apartments, Plot 28, Sector 10 Dwarka, New Delhi, South West Delhi, Delhi",India,S2-952407663,S2,Unique Consulting Private,"Karnataka, #46/4, K NO 437/424/414/661/3/1114/3, 4, 5, GARVEBHAVIPALYA, KUDLU GATE, BANGALORE SOUTH",1.0,84.0,37.9,False,True
matched,S1-45362867,Internal Medicine United Care LLC,"6145 Barbaras Lane, Williamsburg, MO",US,S2-552468099,S2,Internal Medicine United Care,"6145-6147 BARBARAS LANE, WILLIAMSBURG, MO",1.0,100.0,100.0,True,False
matched,S1-883082774,Sonny Delacerda Gamco LLC,"108 Ava Ridge Drive, La Vernia, TX",US,S2-991832348,S2,Sonny Delacerda Gamco [[LLC]],"108 AVA RIDGE DRIVE, LA VERNIA, TX",1.0,100.0,100.0,True,False
matched,S1-12540295,Vision Physicians LLC,"1713 Westwood, Mesa, AZ",US,S2-775032170,S2,VISION-PHYSICIANS,"EDGEWOOD DR, MAUMELLE, AR",1.0,100.0,36.4,False,False
matched,S1-535435282,Caldelle Crane LLC,"10612 Yelm Highway, Fl 1, Olympia, WA",US,S3-979092218,S3,Caldelle  Crane,"10612. Yelm Highway, Olympia, Washington",1.0,100.0,86.7,True,False
matched,S1-367334049,Raman Knitwear LLP,"Qutubullapur, P No 9 & 10, Telangana, Fno 304, Koushik Residency, Hyderabad",India,S2-783492663,S2,Raman Knitwear,"P NO 9 & 10, FNO 304, KOUSHIK RESIDENCY, QUTUBULLAPUR, Andhra Pradesh",1.0,100.0,86.5,True,False
matched,S1-733547625,Bmi Services Pvt Ltd,"Nr Hirabag Bunglow Ambawadibazar Bhudarpura Road Ambawadi, Ahmedabad, Gujarat",India,S2-818124193,S2,Pvt Bmi Services Ltd,"NR HIRABGA BUNGLOW AMBAWADIBAZAR BHUDARPURA ROAD AMBAWADI, AHMEDABAD, Gujarat",1.0,100.0,98.7,True,False
matched,S1-692576232,Heartland Federation,"7909 46th Street, Indianapolis, IN",US,S2-636482610,S2,HEARTLAND FÉDERATION,"250 GRAND AVENUE, NOGALES, AZ",1.0,95.0,33.9,False,True
matched,S1-520172781,Support Vidyalaya Private Limited,"4/152 Om Road Egattur, Chennai, Kancheepuram, Tamil Nadu",India,S3-749129095,S3,Support Support Vidyalaya Private,"No 4/152 Om Road Egattur, Chennai, Kancheepuram, TN",0.9664,100.0,93.3,True,False
matched,S1-799780646,Eye Specialists,"5319 Old Handley Road, Fort Worth, TX",US,S2-972148060,S2,eye specialists,"3117 W EDGE RD, TOPEKA, KS",1.0,100.0,44.1,False,True
matched,S1-368328674,Electronic Supply Networks LLC,"9 Norton Road, Kittery, ME",US,S2-786205465,S2,LLC Electronic Supply Nétworks,"9 NORTON ROAD, KITTERY TOWNSHIP, ME",1.0,96.7,100.0,True,False
matched,S1-57237782,Temple Cathedral,"2225 Highland Road, Richmond, IN",US,S2-98740207,S2,Temple Ltd [Cathedral],"551 MILL ST, FEEDING HHILLS, MA",1.0,100.0,33.9,False,False
matched,S1-193942468,Kd Diesels Ltd,"No. C-3, T/F Amar Colony Market Lajpat Nagar - Iv, New Delhi, South Delhi, Delhi",India,S2-859224162,S2,Kd Díesels Ltd,"#864 3, PUJA APARTMENTS, OPPOSIT ABHIRUCIH GARDAN, DHAYARI PUNE - SINHAGAD ROAD, Maharashtra",1.0,92.9,39.7,False,True
matched,S1-30729376,Womens Health Care Inc,"401 High Terrace, Geddes, NY",US,S2-458860562,S2,Womens Health Care LLC,"KS, TOPEKA, 1201 FILLMORE SAINT",1.0,90.9,43.6,False,True
matched,S1-572666706,Schofield's Occupational Therapy,"2225 Oran Delphi Road, Pompey, NY",US,S2-105969495,S2,SCHOFIELD'S OCCUPATIONAL THERAPY,"2225 ORAN DELPHI ROAD, NY, MANLIUS",1.0,100.0,87.3,True,False
matched,S1-820717663,ZU Proshares LLC,"TX, 1 Pastoral Pond Circle, Spring",US,S2-511442187,S2,ZU  Proshares LLC,"PASTORAL POND CIR, SPRING, TX",1.0,100.0,92.0,True,False
matched,S1-634548157,Peridara Cambridge,"7199 River Road, Rome, NY",US,S2-185628636,S2,Peridara Cambridge,"7199 RIVER ROAD, NY, ROME",1.0,100.0,100.0,True,False
matched,S1-124457982,Tucker Interstate Residential LLC,"827 Dogwood Estate, Pell City, AL",US,S3-870831348,S3,Tucker Interstate Residential Llc,"PELL CITY, Alabama, 827 Dogwood Estate",1.0,100.0,94.9,True,False
matched,S1-591612541,Cardiology Physicians Inc,"513 Central Avenue, Landis, NC",US,S2-81426854,S2,Cardiology  Physicians LLC,"1981 LEE STREET, MAPLEWOOD, MN",1.0,92.0,35.7,False,True
matched,S1-515525211,Theressa Faust Republic,"3646 67th Avenue, Unit 53, Phoenix, AZ",US,S2-99062951,S2,Theressa Faust Republic Corp,"646 67TH AVE, MARYVALE, AZ",1.0,100.0,57.6,True,False
matched,S1-54805009,A First Wheeler,"203 Avenue C, Knoxville, TN",US,S2-779370492,S2,A First Wheeler Ltd,"423 AVENUE C, KNOXVILLE, TN",1.0,100.0,96.0,True,False
matched,S1-898839789,Allied Industries Associates,"10009 53rd Avenue, Oak Lawn, IL",US,S2-270496866,S2,ALLIED INDUSTRIES ASSOCIATES,"4347 MAIDEN FOREST ROAD, VIENNA, MD",1.0,100.0,35.5,False,True
matched,S1-411868024,Urology Physicians,"509 South Street, Lynn Center, IL",US,S3-834662337,S3,Urology-Physicians Urology-Physicians Inc,"4151 Crosslands Rd, Fort Worth, Texas",1.0,100.0,39.4,False,True
matched,S1-546741953,Empire Dental Associates,"1005 34, Italy, TX",US,S2-176282722,S2,EMPIRE DENTAL-ASSOCIATES LLC,"9395 LONDON TOWER COURT, GLEN ALLEN, VA",1.0,100.0,26.4,False,True
matched,S1-198940092,Dyann Tsay Commodities LLC,"312 Harvey Lane, Princeton, KY",US,S2-470077922,S2,DYANN TSAY COMMODITIES LLC,"312 HARVEY LANE, PRINCETON, KY",1.0,100.0,100.0,True,False
matched,S1-140525364,Strategic Figx LLC,"1603 Erie Avenue, Spirit Lake, IA",US,S2-230585226,S2,Strategic Figx Corp,"8825 FARLEY AVE, PO BOX 1423, KANSAS CITY, MO",1.0,87.5,41.1,False,False
matched,S1-102535422,Royal Tpg LLC,"305 Warman Avenue, Indianapolis, IN",US,S2-972129681,S2,ROYAL (TPG),"305 Warman Ave, INDIANAPOLIS, IN",1.0,100.0,95.2,True,False
matched,S1-335005669,Nexify International Inc.,"1510 Lea Avenue, Roswell, NM",US,S2-763991974,S2,NEXIFY INTERNATIONAL INC.,,1.0,100.0,0.0,True,False
matched,S1-44027689,Metco Foundation,"Ranisayar Parh, Burdwan, Bardhaman, West Bengal",India,S2-108529339,S2,Metco Foundation Limited,"RANISAYAR PARH, BURDWAN, NULL, West Bengal",1.0,100.0,93.2,True,False
matched,S1-777916490,Dream Welfare Society,"Flb7/603, Pune, Haveli, Nrdsk, Ranwarasno, 5 Aditya Shagun Nda Rd, Maharashtra",India,S3-167885956,S3,Dream Welfare Society (Co),"Flb7/603, Nrdsk, Ranwarasno, 5 Aditya Shagun Nda Rd, Pune, Haveli, MH",1.0,100.0,97.6,True,False
matched,S1-60460149,Future Wings Care,"5-4-1363, Plot No 186, Saradanagar, Vanasthalipuram, Hyderabad, Rangareddy, Telangana",India,S3-356336759,S3,Future Wings Care Company,"5-4-1363, Rangareddy, తెలంగాణ",1.0,100.0,82.6,True,False
matched,S1-737130406,Cultural Initiative,"100 Country Meadow Lane, Coats, NC",US,S2-222196599,S2,Inc Cultural Initiative,"6640 ELDER CREEK RD, SACRAMENTO, CA",1.0,100.0,43.1,False,False
matched,S1-516987109,Crossland Strategic,"3056 Portland Avenue, Apex, NC",US,S3-398978772,S3,Crossland Strátegic,"Apex, 3056 Portland Avenue, North Carolina",1.0,94.7,94.3,True,False
matched,S1-142011499,Tri-State Guild,"10700 142nd Avenue, Vancouver, WA",US,S2-632928619,S2,TRI-STATE GUILD CORPORATION,"9358 1020TH STREET, MARSHALL, IL",1.0,100.0,29.5,False,True
matched,S1-34320449,Services Tata Motors Private Limited,"Me-63, Ground Floor, Mapsko, Sonipat., Sonipat, Haryana",India,S2-84292211,S2,Private Services Tata Limited Motors,"ME-83, GROUND FLOOR, MAPSKO, SONIPAT., SONIPAT, Haryana",1.0,100.0,97.6,True,False
matched,S1-218000962,Optimal Diagnostic Networks Care,"535 Bluff View Drive, Bluff Dale, TX",US,S2-957008735,S2,Optimal Diagnostic Networks Inc.,"57 Riverside Avenue, MASTIC BEACH, NY",0.963,93.1,38.1,False,True
matched,S1-787291547,Rewa Servicesprivate Private Limited,"Rajasthan, Basant Vihar, Jhunjhunun, B-137, Jhunjhunu",India,S2-288608680,S2,REWA SERVICESPRIVATE PRIVATE,"NO. 855 B-137, BASANT VIHAR, JHUNJHUNU, Rajasthan",1.0,100.0,91.6,True,False
matched,S1-838241246,SQC Specialty LLC,"NY, Unit Unit 2, 204 Dartmouth Street, Rochester",US,S2-7185874,S2,SQC SPECIALTY LLC,"204-A DARTMOUTH SAINT, ROCHESSTER CITY, NY",1.0,100.0,77.5,True,False
matched,S1-399574546,Rios Unified Pineapple,"1045 Lowrance Road, Red Oak, TX",US,S2-633976788,S2,Rios Únified Pineapple,"1045 LOWRANCE ROAD, RED OAK, TX",1.0,95.5,100.0,True,False
matched,S1-969989999,Pietra Hays Supreme Lafayette Inc,"Louisville, 1443 Cypress St, KY",US,S2-350774810,S2,PIETRA HAYS SUPREME LAFAYETTE,"676 MOUNT TABOR RD, CHILLICOTHE, OH",1.0,100.0,25.8,False,True
matched,S1-667004010,Gunter Huntington,"3635 Cottage Pines Lane, Spring, TX",US,S2-33918126,S2,Gunter Huntington Ltd,"SPRING, TX, N/A, 3635 COTTAGE PINES LANE",1.0,100.0,100.0,True,False
matched,S1-472043329,Heritage Center LLC,"38 El Cid Loop, Los Lunas, NM",US,S2-953589233,S2,Heritage Center,"3815 JACOB FIELD LANE, HOUSTON, TX",1.0,100.0,50.8,False,False
matched,S1-936942760,Jagat Kart Limited,"Hall Number-1, First Floor, Plot No-1699 Khata No-762/203, Patia, Po-Kiit, Bhubaneswar, Khordha, Orissa",India,S2-415461660,S2,JAGAT CO +,"602, MADHO VILAS APARTMENT, D-70, MADHO SINGH CIRCLE, BANI PARK, राजस्थान",0.8027,76.9,34.8,False,True
matched,S1-691661161,Coats Brewing,"CT, East Haddam, 25 Orchard Road",US,S2-52142620,S2,BREWING,"100 PARKS DR, PIKEVILLE, NC",0.7724,100.0,25.5,False,True
matched,S1-527949795,Willow Center,"24 Fort Square, MA, Greenfield, Unit 2",US,S2-303632444,S2,WILLOW CENTER,"2741 LOTT RD, PRICHARD, AL",1.0,100.0,37.3,False,True
matched,S1-244414675,Summit Society LLC,"2617 169th Street, Tacoma, WA",US,S2-383963017,S2,Summit Society,"1415 WOODLAWN ST, TACOMA, WA",1.0,100.0,56.6,False,True
matched,S1-674006136,"Flake, Pierson & Kinney Corp","929 Clay Street, Unit #A, Henderson, KY",US,S2-269358658,S2,"Flake, Píerson & Kinney LLC",,1.0,85.7,0.0,False,True
matched,S1-595083597,Vishwakarma Aqua Clinic,"No V 31 Saisun Paraiso Rajaji Street, Pudupakkam, Kanchipuram, Kancheepuram, Tamil Nadu",India,S2-559214806,S2,Vishwakarma Aqua Clinic Limited,"NO V 31 SAISUN PARAISO RAJAJI STREET, PUDUPAKKAM, KANCHIPURAM, Tamil Nadu",1.0,100.0,100.0,True,False
matched,S1-339540734,Metro Ministries,"2833 Thornton Lane, Unit CONDO, Indianapolis, IN",US,S2-308758583,S2,METRO MINISTRIES,"2175 LANE AVE, COLUMBUS, OH",1.0,100.0,37.1,False,True
matched,S1-708125485,Express Mercury LLC,"6046 129th Place, Palos Heights, IL",US,S2-22572880,S2,Express-Mercury LLC,,1.0,100.0,0.0,True,False
matched,S1-567708301,Hammond Range P.C.,"7 Locust Street, Spring Valley, OH",US,S2-603985625,S2,hammond range p.c.,"7 LOCUST STREET, OH, SPRING VALLEY",1.0,100.0,100.0,True,False
matched,S1-716443184,Aditya Bombay Ventures Limited,"Karnataka, No. 1445 1St Floor, 28Th Main, Jayanagar 9Th Blo, Vajras, Ck East, Bangalore",India,S2-88213929,S2,bombay ventures private limited limited,"SN-7, AMBEDKAR SARANI CITY CENTRE, DURGAPUR, পশ্চিমবঙ্গ",0.8171,86.8,33.3,False,True
matched,S1-788323209,RZ By Private Limited,"C/O Suresh V Bhanushali, Room No 5, 1St Floor Mayuri Darshan Shivaji Nr, Thane, Maharashtra",India,S2-822162070,S2,RZ By Private Ltd,"C/O SURESH V BHANUSHALI, ROOM NO B3/5, 1ST FLOOR MAYURI DARSHAN SHIVAJI NR, THANE, Maharashtra",1.0,89.5,100.0,True,False
matched,S1-124693008,Dwarka Seva Samiti,"16/A Ballygunge Terrace, Kolkata, Howrah, West Bengal",India,S3-937865380,S3,Dwarka Seva Samiti Limited,"H.no 1-7/A Ballygunge Terrace, Kolkata, Howrah, WB",1.0,100.0,85.4,False,False
matched,S1-185652481,Traus Inc.,"104 Field Street, Mcminnville, TN",US,S2-675736203,S2,Traus Co,"105 1/2 Field St, MCMINNVILLE, TN",1.0,82.4,83.9,False,False
matched,S1-169740712,Summit International,"509 Spriggs Road, North Little Rock, AR",US,S2-323076049,S2,SUMMIT INTERNATIONAL  CORPORATION,"OXFORD RUN, POQUOSON CITY, VA",1.0,100.0,31.2,False,True
matched,S1-866048074,Trinity Cathedral,"430 Easley Road, Eden, NC",US,S2-992947788,S2,Trinity Cáthedral,"23-27 KIMBALL STREET, PMB 712, DANVILLE, IL",1.0,94.1,28.6,False,True
matched,S1-654819905,MV Duration LLC,"42 Pawling Road, Arietta, NY",US,S2-768539042,S2,MV Duration (LLC),"NY, 42 PAWLING RD, LAK PLEASANT CITY",1.0,100.0,66.7,True,False
matched,S1-859175299,Quantara Advertising,"238 Cedar Glen Drive, Unit 1F, Camdenton, MO",US,S2-467729835,S2,QUANTARA [ADVERTISING],"238 CEDAR GLEN DRIVE, CAMDENTON, MO",1.0,100.0,100.0,True,False
matched,S1-244153245,My Developers Private Limited,"103/06, Krishna Green Land Park Chs Limited Kasardavali, Ghodbunder Road, Thane, Maharashtra",India,S2-542934424,S2,My Developers Private  Ltd,"Delhi, PLOT 304 OFFICE NO. 201, SECOND FLOOR PROPERTY NO.4, VEER SAVARKAR BLOCK SHAKA, RPUR, EAST DELHI",1.0,92.6,38.6,False,True
matched,S1-857037372,North Care Private Limited,"1161, Jhansi, Uttar Pradesh, Isahi Tola Second, Khati Baba",India,S2-53231729,S2,North Care,"NO. 249 201, KRISHNA KAMALA RESIDENCY PLOT NO 117, SRINAGAR COLONY, తెలంగాణ",1.0,100.0,39.3,False,True
matched,S1-637610574,Soritech Kongsberg LLC,"24014 42nd Drive, Phoenix, AZ",US,S2-468010307,S2,Soritech  Kongsberg LLC,"4014 42ND DR, <NULL>, ARROWHEAD, AZ",1.0,100.0,59.6,True,False
matched,S1-738693112,Downtown Massage!,"208 Arnold Street, Gallup, NM",US,S2-891262453,S2,DOWNTOWN MASSAGE LTD,"SEVERN, 1837 BLUE JAY COURT, MD",1.0,100.0,39.3,False,True
matched,S1-96553416,Indo Infrastructure Private Limited,"Chamber-A, Shop No-201, 2 Floor, Situated At Aggarwal Square, Plot No-10, Pocket-4, Sector-11, Dwa, Rka, New Delhi, Delhi",India,S2-990352886,S2,Indo Infrastructure Private Límited,"294, D WARD, SHUKRAWAR PETH, महाराष्ट्र",1.0,97.1,26.5,False,True
matched,S1-102215791,Rab Technologies Pvt Ltd,"New Bridge Business Center, Technopolis Tower B Golf Course Road, Sector 54, Gurgaon, Haryana",India,S2-873140071,S2,Rab Technologies Pvt,"NEW BRIDGE BUSINESS CENTER, TECHNOPOLIS TOWER B GOLF COURSE ROAD, SECTOR #54, Haryana",1.0,100.0,100.0,True,False
matched,S1-59173429,"Mariquilla Kelly, DPM","2951 Nash Place, Unit 101, Washington, DC",US,S2-97073993,S2,"Mariquilla Kélly, DPM","NASH PL, WASHINGTON, DC",1.0,95.0,92.3,True,False
matched,S1-983335085,Platinum Realty Company,"26238 Hasan Drive, Buckeye, AZ",US,S2-71139117,S2,PLATINUM REALTY,"12696 HILDEN RD, ROUGEMONT, NC",1.0,100.0,35.7,False,True
matched,S1-340851858,Ram It Private Limited,"Vishakhapatnam, Andhra Pradesh, Visakhapatnam, Dharmanagar, Kanacharapalem, D No. 40-12-11",India,S2-575329360,S2,Ram It [LLP],"Delhi, HOUSE NO. 1118 , COLONY KALKAKJI, DELHI",1.0,75.0,31.9,False,True
matched,S1-914489002,Harold Holdings Group Inc,"1450 Sylvan Street, Unit Apartment 122, City Of Oconomowoc, WI",US,S2-162682781,S2,Harold Holdings Group  Inc,"1450-1452 SYLVAN ST, CITY OF OCONOMOWOC, WI",1.0,100.0,89.2,True,False
matched,S1-308785318,Sivanta (india) Private Limited,"636, H Rajrooppur, Allahabad, Uttar Pradesh",India,S2-16108999,S2,Sivanta  (india) Private,"636, H RAJROOPPUR, ALLAHABAD, Uttar Pradesh",1.0,100.0,100.0,True,False
matched,S1-244764861,Helios Inc,"2301 31st Avenue, Birmingham, AL",US,S2-74226485,S2,Helios Inc,"#695 PARK LN, PO BOX 3170, MONROE, WA",1.0,100.0,34.9,False,True
matched,S1-822542716,"Conroy Creative Market, LLC","5793 Grande Market Drive, Unit Suite J, Town Of Grand Chute, WI",US,S2-188899383,S2,"CONROY CREATIVE MARKET, LLC LLC","5793 GRANDE MARKET DR, APPLETON, WI",1.0,100.0,77.8,True,False
matched,S1-923114261,Stevenson Global Inc.,"3103 Tampa Avenue, Cleveland, OH",US,S2-288736078,S2,Stevenson Global,"003628 BOONE TRL, FAYETTEVILLE, NC",1.0,100.0,38.7,False,True
matched,S1-320358385,Eye Medicine,"4177 Webb Street, Pryor, OK",US,S2-540071929,S2,Eye Medicine Corp,"505 GREENLER ROAD, DEIFANCE, OH",1.0,100.0,22.2,False,False
matched,S1-500815885,Optroify Inc,"1944 Woods Drive, Bldg 5, Streetsboro, OH",US,S2-79423936,S2,Optroify Inc,"1579  PALO VERDE WAY, COTTONWOOD HEIGHTS, UT",1.0,100.0,35.4,False,False
matched,S1-344606108,Indian Advisors,"Maharashtra, 407, Mumbai, 4Th Floor, Sej Plaza, Marve Road Near Nutan School, Malad West, Mumbai City",India,S2-273878806,S2,Indian  Advisors,"0148/2, MALHAR BUNGLOW SALVI NAGAR, RABADA, MUMBAI CITY, Maharashtra",1.0,100.0,60.9,False,True
matched,S1-268736636,Vision Estate Private Limited,"Entire First Floor K-1/10 Epdp Colony, Chittaranjan Park, New Delhi, Delhi",India,S2-297529964,S2,Vision Estate,"SHOP NO 2 3 70 69 2 N/R POST OFFICE TRIPLE A SPORTS WEAR AMBER PET, HYDERABAD, Telangana",1.0,100.0,38.9,False,True
matched,S1-238349650,Platinum Printing Innovations,"MT, Rollins, Unit Lot 26, 23711 93",US,S2-524401430,S2,Platinum Printing Innovations Inc.,"##5171 MARKWOOD COURT, BRUNSWICK HILLS TOWN, N/A, OH",1.0,100.0,35.9,False,True
matched,S1-698796166,Bangalore Infra Private Limited,"282, Shanthilal Mutha Layout, Sigehalli Near Bmtc Depot Road, Bangalore, Karnataka",India,S2-252956740,S2,Bangalore Infra Limited,"NO.33/3, NUGIPALYA, ULLAL MAIN ROAD YESHWANTHPUR HOBLI, BANGALORE, Karnataka",1.0,100.0,58.7,False,False
matched,S1-928953716,Burke Resources LLC,"1119 Burgie Street, Elizabethton, TN",US,S2-67380192,S2,Burke Resources,"16503 JONES RD, HENDERSON, MD",1.0,100.0,29.5,False,True
matched,S1-451768474,High Special Inc,"118 Kingsdale Road, Suffolk City, VA",US,S2-337486934,S2,HIGH  SPECIAL,"118 KINGSDALE ROAD, SUFFOLK CITY, VA",1.0,100.0,100.0,True,False
matched,S1-49444028,Behavioral Health Clinic of High Point LLC,"6150 3C Red Cedar Drive, High Point, NC",US,S2-620028456,S2,BEHAVIORAL HEALTH CLINIC OF HIGH POINT CORPORATION,"RIVERTRACE POINT, HIGH POINT, NC",1.0,95.0,70.3,False,True
matched,S1-15443034,Powell Midwest Arts,"1374 Westwick Drive, Steele Creek, AK",US,S2-426101947,S2,Powell Midwest Arts Inc,"WESTWICK DRIVE, STEELE CREEK, AK",1.0,100.0,100.0,True,False
matched,S1-896908362,Mcdonald Academy,"1128 Cleveland Avenue, La Grange Park, IL",US,S2-245369038,S2,Mcdonald  Academy,"1128-1132 CLEVELAND AVENUE, LA GRANGE PARK, IL",1.0,100.0,100.0,True,False
matched,S1-410910148,Menchaca & Frost,"356 Huntsman Way, Westmoreland County, VA",US,S2-928901608,S2,Menchaca & [[Frost]],"356 HUNTMAN WAY, WESTMORELAND COUNTY, VA",1.0,100.0,98.7,True,False
matched,S1-420998282,Integrated Mortgage Brands Inc,"5307 Montclair Drive, Raleigh, NC",US,S2-336564121,S2,Integrated Mortgage Brands Llc,"WHITE RIDGE ROAD, PMB 819, CROWNPOINT, NM",1.0,93.3,34.8,False,False
matched,S1-971132618,YZ Five,"Carol Stream, 190 Easy Street, IL, Unit J",US,S3-927381739,S3,YZ Five,"190. Easy St, Unit J, Carol Stream, Illinois",1.0,100.0,87.2,True,False
matched,S1-88521513,Supreme Valley Perfect LLC,"379 Sayre Lane, Murfreesboro, TN",US,S2-203339640,S2,-- Supreme Valley Perfect Partners LP,"381. SAYRE LANE, MURFREESBORO, TN",0.8757,91.7,93.3,False,False
matched,S1-166351176,Simon Precision,"682 Frick Street, Hempstead, NY",US,S2-39897426,S2,Simon Precision,"2926-2930 BURNS RD, MADISON TOWNSHIP, OH",1.0,100.0,35.8,False,True
matched,S1-356891931,GY Cornerstone Deutsche LLC,"2036 Creciente Drive, Village Of Kronenwetter, WI",US,S2-298515624,S2,GY Cornerstone Deutsche,"2036 CRECIENTE DR, <NULL>, VILLAGE OF KRONENWETTER, WI",1.0,100.0,93.2,True,False
matched,S1-430423747,VJ Piedmont Stellar Inc,"3135 Bell Road, White Pine, TN",US,S2-136164871,S2,VJ  Piedmont Stellar Inc,"3135 BELL ROAD, WHITE PINE, TN",1.0,100.0,100.0,True,False
matched,S1-707186438,CI Continental Hall PC,"1228 Sandalwood Drive, Fort Worth, TX",US,S3-84338918,S3,CI Continental Hall  PC,"1228. Sandalwood Drive, FT Worth, Texas",1.0,100.0,93.0,True,False
matched,S1-224379373,Martinez Meridian LLC,"545 Wilson Bridge Drive, Unit C1, Oxon Hill, MD",US,S2-553040298,S2,MARTINEZ MERIDIAN LLC,"212 OTTO DR, CITY OF HARTFORD, WI",1.0,100.0,40.0,False,True
matched,S1-325531030,Royal Tech Private Limited,"Ganesh Rolling Shutters 10 A Ind. Est Baramati, Baramati, Pune, Maharashtra",India,S2-406351504,S2,ROYAL TECH PRIVATE [[LIMITED]],"349, UDYOG KENDRA, EXTN-1, GREATER NOIDA, GAUTAM BUDDHA NAGAR, BISHRAKH, उत्तर प्रदेश",1.0,100.0,38.3,False,True
matched,S1-534639073,Highland Institute Group,"93 Virgil Avenue, Fl Floor 1, Buffalo, NY",US,S2-311349416,S2,Highland Institute Group,"80313 COX LN, HERMISTON, OR",1.0,100.0,31.7,False,False
matched,S1-841348242,"Kessia G. Schade, Ph.D. LLC","25 Superior Road, Worcester, MA",US,S2-185468835,S2,"Kessia G. Schade, Ph.D. Corp","1930- WESTWOOD DR, CONCORD TWP, OH",1.0,90.9,36.7,False,True
matched,S1-725881523,Silva & Brothers Private Limited,"Delhi, New Delhi, Rz K-34, Delhi, Chankya Palce-Ii Chankya Palce, Uttam Nagar",India,S3-860515299,S3,Silva &  Brothers Private Limited,"Chankya Palce-ii Chankya Palce, Uttam Nagar, New Delhi, Rz K-36, दिल्ली",1.0,100.0,96.6,True,False
matched,S1-513368928,Baker Studios of Baltimore Inc,"1710 Fulton Avenue, Baltimore, MD",US,S2-160885413,S2,Baker Studios Of Baltimore Inc,"FULTON AVENUE, BALTIMORE, MD",1.0,100.0,100.0,True,False
matched,S1-48661435,Kolkata Hospital Private Limited,"17/10/1 K B Sarani, Kolkata, South 24 Parganas, West Bengal",India,S2-172733324,S2,Kolkata Hospital Private Ltd,"#304. SUSHIL APARTMENT, PARK ROAD, PHULWARI, Bihar",1.0,93.3,37.6,False,True
matched,S1-892092665,Kamboj & Sons Pvt Ltd,"Anjani Kumar Prasad, Raigaon Jaigaon Alipurduar, West Bengal, Jaigaon, Jalpaiguri, West Bengal",India,S2-16338764,S2,Kamboj & Sóns Pvt Ltd,"ANJANI KUMAR PRASAD, RAIGAON JAIGAON ALIPURDUAR, WEST BENGAL, JAIGAON, West Bengal",1.0,94.7,100.0,True,False
matched,S1-384954435,Shank & Hoey Montreal LLC,"445 Spring Street, Williamsburg, OH",US,S2-8022638,S2,Shank & Hoey Montreal,,1.0,100.0,0.0,True,False
matched,S1-697030032,Creative Security Digital LLC,"164 Chestnut Hill Lane, Amherst, NY",US,S3-918946000,S3,Creative LLC Digital Lakeside Security,"177 Chestnut Hill Lane, Amherst, New York",0.8374,100.0,88.1,False,False
matched,S1-146115982,Vision Pacific Physicians L.L.C.,"2633 Belaire Drive, Wilmington, DE",US,S2-990401567,S2,VISION PACIFIC PHYSICIANS LLC,"2633 BELAIRE DR, WILMINGTON, DE",1.0,93.1,95.1,True,False
matched,S1-419417412,Family Delta Partners Inc.,"21 Jefferson Street, Unit 2, Worcester, MA",US,S2-738194598,S2,Family Delta Partners,,1.0,100.0,0.0,True,False
matched,S1-63363825,Ss Hospitality Pvt Ltd,"Flat No.710 Tower No. 1 7Th Floor Kaveri Kaustubh Sikandra Mauja, Agra, Uttar Pradesh",India,S2-816444113,S2,Ss Hospitality Private Limited,"Maharashtra, SNO- 11/1, NR. GANPATI, MANDIR, NAVNATH ALI, HAVELI",1.0,84.6,47.1,False,True
matched,S1-704457673,Heartland Guild,"1813 Huntsville Avenue, AR, Springdale",US,S2-956297707,S2,Heartland Guild  Inc.,"120 OCEAN AVE, NORFOLK, VA",1.0,100.0,36.7,False,True
matched,S1-216743044,Leticia Adams Cascade John,"396 Georgia Avenue, Forest City, NC",US,S2-797755800,S2,"Ádams, Leticia Cascade John","396 GEORGIA AVENUE, FOREST CITY, NC",1.0,96.2,100.0,True,False
matched,S1-989240389,Metropolitan Fund,"628 County Road 833, Buna, TX",US,S2-847996468,S2,Metropolitan Fúnd,"TACOMA, WA, 102 G ST",1.0,94.1,35.6,False,True
matched,S1-648629257,"Ramsey, Gibson & West Cosmetics","180 E End Street, Ripley, TN",US,S3-933966422,S3,"Ramsey, West and Gibson Cosmetics","##180 East End St, Ripley CITY, Tennessee",1.0,100.0,70.0,True,False
matched,S1-926497628,Dolfin Dev Private Limited,"Door No 209, Ward 10 Devanandhanam, Vtc Haripad Haripad, Karthikappally, Alappuzha, Kerala",India,S2-662616966,S2,Dolfin Dev Private,"DOOR NO 209, WARD 10 DEVANANDHANAM, VTC HARIPAD HARIPAD, KARTHIKAPPALLY, Keralam",1.0,100.0,93.8,True,False
matched,S1-962252226,Pioneer International,"353/Ff, Dhobi No Khancho, Gusa Parekhni Pole, Madan Gopal Ni Haveli Road, Manekchowk, Ahmadabad City, Ahmedabad, Gujarat",India,S2-34095303,S2,Pioneer International Private Ltd,"C/O CHANCHAL GIRI, KUTUBPUR GAWADI, CHANDPUR, BIJNOR, उत्तर प्रदेश",1.0,100.0,28.6,False,True
matched,S1-755381814,IH Colonial European Corp,"31 Orchard Terrace, MA, Adams",US,S2-510523087,S2,IH Colonial European,"31 ORCHARD TERRACE, ADAMS, MA",1.0,100.0,100.0,True,False
matched,S1-475477449,Dorothea Conrad Ngl,"7072 Klorissa Place, Herriman Town, UT",US,S2-38080120,S2,DOROTHEA CONRAD NGL,"7072 KLORISSA PL, HERRIMAN TOWN, UT",1.0,100.0,95.7,True,False
matched,S1-991022974,Hardrick Myers Inc.,"55 White Oak Circle, Saint Charles, IL",US,S2-194326828,S2,HARDRICK MYERS INC.,"1270 UNDERWOOD HILL RD, MURPHY, NC",1.0,100.0,29.4,False,True
matched,S1-634392812,Alchemist & Sons Pvt. Ltd.,"Delhi Road 25-30 Dwarika Puri Colony, Saharanpur, Uttar Pradesh",India,S2-208518503,S2,Alchemist & Sons Private Limited,"FLAT NO 202, SYMPHONY APARTMENT, PRAKASH NAGAR YERRAMUKKAPALLI, Andhra Pradesh",1.0,84.6,45.6,False,True
matched,S1-876399438,Spellbound Surveillance Co,"D No 8-1-297/2/E/9, A.K Enclave Falcon Valy Colony, Shaikpet, Tolichowki, Golkonda, Hyderabad, Telangana",India,S3-83507716,S3,Spellbound Surveillance,"D No 8-1-297/2/E/9, A.k Enclave Falcon Valy Colony, Shaikpet, Tolichowki, Golkonda, Hyderabad, TG",1.0,100.0,98.3,True,False
matched,S1-788950049,Diversified Defense Laboratories Inc,"4556 Platinum Drive, Rio Rancho, NM",US,S2-125461290,S2,Inc Diversified Defense Laboratories,"Cortland Avenue, SYRACUSE, NY",1.0,100.0,36.7,False,True
matched,S1-854569024,Mullis Coastal Wireless,"1533 Sergeant Avenue, Winthrop, IA",US,S3-454347100,S3,Mullis  Coastal Wireless,"Sergeant Ave, Winthrop, Iowa",1.0,100.0,82.8,True,False
matched,S1-500432042,Apex Deep Inc,"210 Easter Street, IL, Spillertown",US,S2-919965719,S2,Apex Deep-Inc,"#210 EASTER STREET, MARION, IL",1.0,100.0,85.1,True,False
matched,S1-26963097,Kall Holdings P.C.,"23039 Queens Road, Parsons, KS",US,S2-435801136,S2,Kall Holdings P.C.,"226 GAY SAINT, BALTIMORE, MD",1.0,100.0,29.6,False,True
matched,S1-731669092,Karn Multipurpose Pvt Ltd,"No - 007, Pgr Complex, 2Nd Cross Banaswadi Ring Road, Horamavu Jn., Bangalore, Karnataka",India,S2-811324151,S2,KARN MULTIPURPOSE PVT,"NO - 007, PGR COMPLEX, 2ND CROSS BANASWADI RING ROAD, HORAMAVU JN., Karnataka",1.0,100.0,100.0,True,False
matched,S1-277158286,Santosh Filters Pvt. Ltd.,"404, Amar Business Park, Baner Road, Pune, Maharashtra",India,S3-45454067,S3,Santosh LLP Filters,"407, <NULL>, Pune, महाराष्ट्र",1.0,88.2,36.1,False,False
matched,S1-844087070,BT Innovations Private Limited,"E-3/4, Vasant Vihar, New Delhi, Delhi",India,S2-665247063,S2,BT Innovations  Private Limited,"E-3/4, VASANT VIHAR, Delhi",1.0,100.0,100.0,True,False
matched,S1-100833252,Construction Shuban Media Pvt Ltd,"Elahibagh Bairiya, Gopalpur, Patna, Bihar",India,S2-377564271,S2,Construction Shuban Media Pvt Ltd.,"DOOR NO 14 ELAHIBAGH BAIRIYA, GOPALPUR, PATNA, Bihar",1.0,100.0,100.0,True,False
matched,S1-558795711,Urgent Care Medicine P.C.,"1835 10th Avenue, Portland, OR",US,S2-496169807,S2,Urgent Care Medicine Pc,"5754 1/2 CASTLE WAY, EL PASO CDP, TX",1.0,93.6,38.7,False,True
matched,S1-765897563,Bombay Agro LLP,"E-6 Vikram Colony, Ramghat Road, Aligarh, Uttar Pradesh",India,S2-578796216,S2,Bombay Agro Pvt Ltd.,"BLOCK A-35 B-154 S/F PRIYADARSHINI VIHAR, NEAR LAXMI NAGAR, DELHI, Delhi",1.0,84.6,41.7,False,True
matched,S1-811997971,N+ Pizza,"210 North Street, Manhattan, IL",US,S2-875605516,S2,N+ Pizza,"210 NORTH ST, MANHATTAN, IL",1.0,100.0,93.6,True,False
matched,S1-800556,Red & Co Associates,"88, Bhatiyara Mohalla, Datia, Madhya Pradesh",India,S2-351053304,S2,Red & Co Associates Private Limited,"99, BHATIYARA MOHALLA, DATIA, Madhya Pradesh",1.0,100.0,96.2,False,False
matched,S1-418725330,C/P Light LLC,"226 Aqueduct Place, Gallatin, TN",US,S2-894391067,S2,C/P Light,"226 AQUEDUCT PL, GALLATIN, TN",1.0,100.0,94.7,True,False
matched,S1-858234514,Coastal Sterling LLC,"616 Grace Street, Richmond City, VA",US,S2-681985117,S2,COASTAL STERLING,"CANTON, 2824 NICHOLAS PL, OH",1.0,100.0,33.9,False,True
matched,S1-454486908,Modern Marine Group,"3295 500, Danville, IN",US,S2-393636893,S2,MODERN MARINE GROUP,"HERITAGE SPRINGS TRL, ROUND ROCK, TX",1.0,100.0,22.2,False,True
matched,S1-268831248,Physical Therapy Physicians LLC,"1126 Birkhall Boulevard, Huntsville, AL",US,S2-423131785,S2,*** Physical Therapy Physicians Inc.,"161 MAIN STREET, WHITNEYVILLE, ME",1.0,93.5,47.1,False,True
matched,S1-827391318,Desert Network,"KS, 4429 Brookville Road, Tescott",US,S2-77842733,S2,Desert Network Ltd,"3172- HALO LANE, ST GEORGE CITY, UT",1.0,100.0,34.9,False,True
matched,S1-606390763,Oconnell Animal Hospital Inc,"6201 74th Street, Lubbock, TX",US,S2-849614484,S2,hospital animal oconnell,"1600 30, <NULL>, WELLS, NY",1.0,100.0,29.2,False,True
matched,S1-180154597,Midwest Elite Hyperliquid Group,"9745 Hampton Avenue, Unit 1144, Mesa, AZ",US,S2-966335447,S2,Midwest Elite Group Hyperliquid,"AZ, MESA, 9745 HAMPTON AVE",1.0,100.0,90.9,True,False
matched,S1-590038540,Creative Design Dynamics,"Kansas City, MO, 1157 75th Terrace",US,S2-803513836,S2,Creative Creative Design Dynamics Holdings,"MO, KANSAS CITY, 164 75TH TER",0.902,100.0,84.7,False,False
matched,S1-835871850,Heartland Interiors LLC,"1606 Dewitt Street, Schenectady, NY",US,S2-309834233,S2,Heartland Interiors L.L.C.,"SCHENECTADY, 1606-C DEWITT STREET, NY",1.0,91.3,100.0,True,False
